<ConsultarNfseLote>
  <ListaNfse>
<CompNfse>
<Nfse>
	<InfNfse id="8994">
		<Numero>8994</Numero>
		<Serie/>
		<Tipo/>
		<CodigoVerificacao>A7BB.B346.E503</CodigoVerificacao>
		<DataEmissao>2019-05-02T08:37:08</DataEmissao>
		<IdentificacaoRps>
			<Numero>0</Numero>
			<Serie/>
			<Tipo>0</Tipo>
		</IdentificacaoRps>
		<DataEmissaoRps>0000-00-00</DataEmissaoRps>
		<NaturezaOperacao>1</NaturezaOperacao>
		
		<OptanteSimplesNacional>1</OptanteSimplesNacional>
		<IncentivadorCultural>2</IncentivadorCultural>
		<Competencia>2019-05-02</Competencia>
		
		<OutrasInformacoes>TRATAMENTO ODONTOLÓGICO – CARGA TRIBUTÁRIA MÉDIA 
NACIONAL FEDERAL 13,45% = R$807,00
MUNICIPAL  2,05% = R$123,00
</OutrasInformacoes>
		<Servico>
			<Valores>
				<ValorServicos>6000.00</ValorServicos>
				<ValorDeducoes>0.00</ValorDeducoes>
				<ValorPis>0.00</ValorPis>
				<ValorCofins>0.00</ValorCofins>
				<ValorInss>0.00</ValorInss>
				<ValorIr>0.00</ValorIr>
				<ValorCsll>0.00</ValorCsll>
				<IssRetido>2</IssRetido>
				<ValorIss>0.00</ValorIss>
				<ValorIssRetido>0.00</ValorIssRetido>
				<OutrasRetencoes>0.00</OutrasRetencoes>
				<BaseCalculo>6000.00</BaseCalculo>
				<Aliquota>0.0000</Aliquota>
				<ValorLiquidoNfse>6000.00</ValorLiquidoNfse>
				<DescontoIncondicionado>0.00</DescontoIncondicionado>
				<DescontoCondicionado>0.00</DescontoCondicionado>
			</Valores>
			<ItemListaServico>403</ItemListaServico>
			
			<CodigoTributacaoMunicipio>403</CodigoTributacaoMunicipio>
			<Discriminacao>TRATAMENTO ODONTOLÓGICO – CARGA TRIBUTÁRIA MÉDIA 
NACIONAL FEDERAL 13,45% = R$807,00
MUNICIPAL  2,05% = R$123,00
</Discriminacao>
			<CodigoMunicipio>4304606</CodigoMunicipio>
		</Servico>
		<ValorCredito>0.00</ValorCredito>
		<PrestadorServico>
			<IdentificacaoPrestador>
				<Cnpj>10720533000100</Cnpj>
				<InscricaoMunicipal>72061</InscricaoMunicipal>
			</IdentificacaoPrestador>
			<RazaoSocial>BHEM ODONTOLOGIA LTDA</RazaoSocial>
			<NomeFantasia>BHEM ODONTOLOGIA LTDA</NomeFantasia>
			<Endereco>
				<Endereco>RUA MATHIAS VELHO</Endereco>
				<Numero>266</Numero>
				<Complemento/>
				<Bairro>CENTRO</Bairro>
				<CodigoMunicipio>4304606</CodigoMunicipio>
				<Uf>RS</Uf>
				<Cep>92310300</Cep>
			</Endereco>
			<Contato>
				<Telefone>5130599088</Telefone>
				<Email>bhemodontologia@gmail.com</Email>
			</Contato>
		</PrestadorServico>
		<TomadorServico>
			<IdentificacaoTomador>
				<CpfCnpj>
					<Cpf>56787359004</Cpf>
					<Cnpj/>
				</CpfCnpj>
				<InscricaoMunicipal>0</InscricaoMunicipal>
			</IdentificacaoTomador>
			<RazaoSocial>GILMAR BORGES RODRIGUES</RazaoSocial>
			<Endereco>
				<Endereco/>
				<Numero/>
				<Complemento/>
				<Bairro/>
				<CodigoMunicipio>4304606</CodigoMunicipio>
				<Uf>RS</Uf>
				<Cep>0</Cep>
			</Endereco>
			<Contato>
				<Telefone/>
				<Email/>
			</Contato>
		</TomadorServico>
		<OrgaoGerador>
			<CodigoMunicipio>4304606</CodigoMunicipio>
			<Uf>RS</Uf>
		</OrgaoGerador>
	</InfNfse>
	
</Nfse>
</CompNfse>

<CompNfse>
<Nfse>
	<InfNfse id="8995">
		<Numero>8995</Numero>
		<Serie/>
		<Tipo/>
		<CodigoVerificacao>7D3A.4EDD.6674</CodigoVerificacao>
		<DataEmissao>2019-05-02T11:11:19</DataEmissao>
		<IdentificacaoRps>
			<Numero>0</Numero>
			<Serie/>
			<Tipo>0</Tipo>
		</IdentificacaoRps>
		<DataEmissaoRps>0000-00-00</DataEmissaoRps>
		<NaturezaOperacao>1</NaturezaOperacao>
		
		<OptanteSimplesNacional>1</OptanteSimplesNacional>
		<IncentivadorCultural>2</IncentivadorCultural>
		<Competencia>2019-05-02</Competencia>
		
		<OutrasInformacoes>TRATAMENTO ODONTOLÓGICO – CARGA TRIBUTÁRIA MÉDIA 
NACIONAL FEDERAL 13,45% = R$77,33
MUNICIPAL  2,05% = R$11,78
</OutrasInformacoes>
		<Servico>
			<Valores>
				<ValorServicos>575.00</ValorServicos>
				<ValorDeducoes>0.00</ValorDeducoes>
				<ValorPis>0.00</ValorPis>
				<ValorCofins>0.00</ValorCofins>
				<ValorInss>0.00</ValorInss>
				<ValorIr>0.00</ValorIr>
				<ValorCsll>0.00</ValorCsll>
				<IssRetido>2</IssRetido>
				<ValorIss>0.00</ValorIss>
				<ValorIssRetido>0.00</ValorIssRetido>
				<OutrasRetencoes>0.00</OutrasRetencoes>
				<BaseCalculo>575.00</BaseCalculo>
				<Aliquota>0.0000</Aliquota>
				<ValorLiquidoNfse>575.00</ValorLiquidoNfse>
				<DescontoIncondicionado>0.00</DescontoIncondicionado>
				<DescontoCondicionado>0.00</DescontoCondicionado>
			</Valores>
			<ItemListaServico>403</ItemListaServico>
			
			<CodigoTributacaoMunicipio>403</CodigoTributacaoMunicipio>
			<Discriminacao>TRATAMENTO ODONTOLÓGICO – CARGA TRIBUTÁRIA MÉDIA 
NACIONAL FEDERAL 13,45% = R$77,33
MUNICIPAL  2,05% = R$11,78
</Discriminacao>
			<CodigoMunicipio>4304606</CodigoMunicipio>
		</Servico>
		<ValorCredito>0.00</ValorCredito>
		<PrestadorServico>
			<IdentificacaoPrestador>
				<Cnpj>10720533000100</Cnpj>
				<InscricaoMunicipal>72061</InscricaoMunicipal>
			</IdentificacaoPrestador>
			<RazaoSocial>BHEM ODONTOLOGIA LTDA</RazaoSocial>
			<NomeFantasia>BHEM ODONTOLOGIA LTDA</NomeFantasia>
			<Endereco>
				<Endereco>RUA MATHIAS VELHO</Endereco>
				<Numero>266</Numero>
				<Complemento/>
				<Bairro>CENTRO</Bairro>
				<CodigoMunicipio>4304606</CodigoMunicipio>
				<Uf>RS</Uf>
				<Cep>92310300</Cep>
			</Endereco>
			<Contato>
				<Telefone>5130599088</Telefone>
				<Email>bhemodontologia@gmail.com</Email>
			</Contato>
		</PrestadorServico>
		<TomadorServico>
			<IdentificacaoTomador>
				<CpfCnpj>
					<Cpf>00931504074</Cpf>
					<Cnpj/>
				</CpfCnpj>
				<InscricaoMunicipal>0</InscricaoMunicipal>
			</IdentificacaoTomador>
			<RazaoSocial>MICHELE ALVES FAGUNDES</RazaoSocial>
			<Endereco>
				<Endereco/>
				<Numero/>
				<Complemento/>
				<Bairro/>
				<CodigoMunicipio>4304606</CodigoMunicipio>
				<Uf>RS</Uf>
				<Cep>0</Cep>
			</Endereco>
			<Contato>
				<Telefone/>
				<Email/>
			</Contato>
		</TomadorServico>
		<OrgaoGerador>
			<CodigoMunicipio>4304606</CodigoMunicipio>
			<Uf>RS</Uf>
		</OrgaoGerador>
	</InfNfse>
	
</Nfse>
</CompNfse>

<CompNfse>
<Nfse>
	<InfNfse id="8996">
		<Numero>8996</Numero>
		<Serie/>
		<Tipo/>
		<CodigoVerificacao>BCAC.0769.73E1</CodigoVerificacao>
		<DataEmissao>2019-05-02T17:46:08</DataEmissao>
		<IdentificacaoRps>
			<Numero>0</Numero>
			<Serie/>
			<Tipo>0</Tipo>
		</IdentificacaoRps>
		<DataEmissaoRps>0000-00-00</DataEmissaoRps>
		<NaturezaOperacao>1</NaturezaOperacao>
		
		<OptanteSimplesNacional>1</OptanteSimplesNacional>
		<IncentivadorCultural>2</IncentivadorCultural>
		<Competencia>2019-05-02</Competencia>
		
		<OutrasInformacoes>TRATAMENTO ODONTOLÓGICO – CARGA TRIBUTÁRIA MÉDIA 
NACIONAL FEDERAL 13,45% = R$57,55
MUNICIPAL  2,05% = R$8,77
</OutrasInformacoes>
		<Servico>
			<Valores>
				<ValorServicos>427.90</ValorServicos>
				<ValorDeducoes>0.00</ValorDeducoes>
				<ValorPis>0.00</ValorPis>
				<ValorCofins>0.00</ValorCofins>
				<ValorInss>0.00</ValorInss>
				<ValorIr>0.00</ValorIr>
				<ValorCsll>0.00</ValorCsll>
				<IssRetido>2</IssRetido>
				<ValorIss>0.00</ValorIss>
				<ValorIssRetido>0.00</ValorIssRetido>
				<OutrasRetencoes>0.00</OutrasRetencoes>
				<BaseCalculo>427.90</BaseCalculo>
				<Aliquota>0.0000</Aliquota>
				<ValorLiquidoNfse>427.90</ValorLiquidoNfse>
				<DescontoIncondicionado>0.00</DescontoIncondicionado>
				<DescontoCondicionado>0.00</DescontoCondicionado>
			</Valores>
			<ItemListaServico>403</ItemListaServico>
			
			<CodigoTributacaoMunicipio>403</CodigoTributacaoMunicipio>
			<Discriminacao>TRATAMENTO ODONTOLÓGICO – CARGA TRIBUTÁRIA MÉDIA 
NACIONAL FEDERAL 13,45% = R$57,55
MUNICIPAL  2,05% = R$8,77
</Discriminacao>
			<CodigoMunicipio>4304606</CodigoMunicipio>
		</Servico>
		<ValorCredito>0.00</ValorCredito>
		<PrestadorServico>
			<IdentificacaoPrestador>
				<Cnpj>10720533000100</Cnpj>
				<InscricaoMunicipal>72061</InscricaoMunicipal>
			</IdentificacaoPrestador>
			<RazaoSocial>BHEM ODONTOLOGIA LTDA</RazaoSocial>
			<NomeFantasia>BHEM ODONTOLOGIA LTDA</NomeFantasia>
			<Endereco>
				<Endereco>RUA MATHIAS VELHO</Endereco>
				<Numero>266</Numero>
				<Complemento/>
				<Bairro>CENTRO</Bairro>
				<CodigoMunicipio>4304606</CodigoMunicipio>
				<Uf>RS</Uf>
				<Cep>92310300</Cep>
			</Endereco>
			<Contato>
				<Telefone>5130599088</Telefone>
				<Email>bhemodontologia@gmail.com</Email>
			</Contato>
		</PrestadorServico>
		<TomadorServico>
			<IdentificacaoTomador>
				<CpfCnpj>
					<Cpf>00630510016</Cpf>
					<Cnpj/>
				</CpfCnpj>
				<InscricaoMunicipal>0</InscricaoMunicipal>
			</IdentificacaoTomador>
			<RazaoSocial>LILIANA GONZALEZ</RazaoSocial>
			<Endereco>
				<Endereco/>
				<Numero/>
				<Complemento/>
				<Bairro/>
				<CodigoMunicipio>4304606</CodigoMunicipio>
				<Uf>RS</Uf>
				<Cep>0</Cep>
			</Endereco>
			<Contato>
				<Telefone/>
				<Email/>
			</Contato>
		</TomadorServico>
		<OrgaoGerador>
			<CodigoMunicipio>4304606</CodigoMunicipio>
			<Uf>RS</Uf>
		</OrgaoGerador>
	</InfNfse>
	
</Nfse>
</CompNfse>

<CompNfse>
<Nfse>
	<InfNfse id="8997">
		<Numero>8997</Numero>
		<Serie/>
		<Tipo/>
		<CodigoVerificacao>C7BB.73AB.B69E</CodigoVerificacao>
		<DataEmissao>2019-05-03T09:31:36</DataEmissao>
		<IdentificacaoRps>
			<Numero>0</Numero>
			<Serie/>
			<Tipo>0</Tipo>
		</IdentificacaoRps>
		<DataEmissaoRps>0000-00-00</DataEmissaoRps>
		<NaturezaOperacao>1</NaturezaOperacao>
		
		<OptanteSimplesNacional>1</OptanteSimplesNacional>
		<IncentivadorCultural>2</IncentivadorCultural>
		<Competencia>2019-05-03</Competencia>
		
		<OutrasInformacoes>TRATAMENTO ODONTOLÓGICO – CARGA TRIBUTÁRIA MÉDIA 
NACIONAL FEDERAL 13,45% = R$14,12
MUNICIPAL  2,05% = R$2,15
</OutrasInformacoes>
		<Servico>
			<Valores>
				<ValorServicos>105.00</ValorServicos>
				<ValorDeducoes>0.00</ValorDeducoes>
				<ValorPis>0.00</ValorPis>
				<ValorCofins>0.00</ValorCofins>
				<ValorInss>0.00</ValorInss>
				<ValorIr>0.00</ValorIr>
				<ValorCsll>0.00</ValorCsll>
				<IssRetido>2</IssRetido>
				<ValorIss>0.00</ValorIss>
				<ValorIssRetido>0.00</ValorIssRetido>
				<OutrasRetencoes>0.00</OutrasRetencoes>
				<BaseCalculo>105.00</BaseCalculo>
				<Aliquota>0.0000</Aliquota>
				<ValorLiquidoNfse>105.00</ValorLiquidoNfse>
				<DescontoIncondicionado>0.00</DescontoIncondicionado>
				<DescontoCondicionado>0.00</DescontoCondicionado>
			</Valores>
			<ItemListaServico>403</ItemListaServico>
			
			<CodigoTributacaoMunicipio>403</CodigoTributacaoMunicipio>
			<Discriminacao>TRATAMENTO ODONTOLÓGICO – CARGA TRIBUTÁRIA MÉDIA 
NACIONAL FEDERAL 13,45% = R$14,12
MUNICIPAL  2,05% = R$2,15
</Discriminacao>
			<CodigoMunicipio>4304606</CodigoMunicipio>
		</Servico>
		<ValorCredito>0.00</ValorCredito>
		<PrestadorServico>
			<IdentificacaoPrestador>
				<Cnpj>10720533000100</Cnpj>
				<InscricaoMunicipal>72061</InscricaoMunicipal>
			</IdentificacaoPrestador>
			<RazaoSocial>BHEM ODONTOLOGIA LTDA</RazaoSocial>
			<NomeFantasia>BHEM ODONTOLOGIA LTDA</NomeFantasia>
			<Endereco>
				<Endereco>RUA MATHIAS VELHO</Endereco>
				<Numero>266</Numero>
				<Complemento/>
				<Bairro>CENTRO</Bairro>
				<CodigoMunicipio>4304606</CodigoMunicipio>
				<Uf>RS</Uf>
				<Cep>92310300</Cep>
			</Endereco>
			<Contato>
				<Telefone>5130599088</Telefone>
				<Email>bhemodontologia@gmail.com</Email>
			</Contato>
		</PrestadorServico>
		<TomadorServico>
			<IdentificacaoTomador>
				<CpfCnpj>
					<Cpf>02177921031</Cpf>
					<Cnpj/>
				</CpfCnpj>
				<InscricaoMunicipal>0</InscricaoMunicipal>
			</IdentificacaoTomador>
			<RazaoSocial>GRACIELE DA SILVA NUNES</RazaoSocial>
			<Endereco>
				<Endereco/>
				<Numero/>
				<Complemento/>
				<Bairro/>
				<CodigoMunicipio>4304606</CodigoMunicipio>
				<Uf>RS</Uf>
				<Cep>0</Cep>
			</Endereco>
			<Contato>
				<Telefone/>
				<Email/>
			</Contato>
		</TomadorServico>
		<OrgaoGerador>
			<CodigoMunicipio>4304606</CodigoMunicipio>
			<Uf>RS</Uf>
		</OrgaoGerador>
	</InfNfse>
	
</Nfse>
</CompNfse>

<CompNfse>
<Nfse>
	<InfNfse id="8998">
		<Numero>8998</Numero>
		<Serie/>
		<Tipo/>
		<CodigoVerificacao>DDD4.130E.29F5</CodigoVerificacao>
		<DataEmissao>2019-05-03T09:35:32</DataEmissao>
		<IdentificacaoRps>
			<Numero>0</Numero>
			<Serie/>
			<Tipo>0</Tipo>
		</IdentificacaoRps>
		<DataEmissaoRps>0000-00-00</DataEmissaoRps>
		<NaturezaOperacao>1</NaturezaOperacao>
		
		<OptanteSimplesNacional>1</OptanteSimplesNacional>
		<IncentivadorCultural>2</IncentivadorCultural>
		<Competencia>2019-05-03</Competencia>
		
		<OutrasInformacoes>TRATAMENTO ODONTOLÓGICO – CARGA TRIBUTÁRIA MÉDIA 
NACIONAL FEDERAL 13,45% = R$69,67
MUNICIPAL  2,05% = R$10,61
</OutrasInformacoes>
		<Servico>
			<Valores>
				<ValorServicos>518.00</ValorServicos>
				<ValorDeducoes>0.00</ValorDeducoes>
				<ValorPis>0.00</ValorPis>
				<ValorCofins>0.00</ValorCofins>
				<ValorInss>0.00</ValorInss>
				<ValorIr>0.00</ValorIr>
				<ValorCsll>0.00</ValorCsll>
				<IssRetido>2</IssRetido>
				<ValorIss>0.00</ValorIss>
				<ValorIssRetido>0.00</ValorIssRetido>
				<OutrasRetencoes>0.00</OutrasRetencoes>
				<BaseCalculo>518.00</BaseCalculo>
				<Aliquota>0.0000</Aliquota>
				<ValorLiquidoNfse>518.00</ValorLiquidoNfse>
				<DescontoIncondicionado>0.00</DescontoIncondicionado>
				<DescontoCondicionado>0.00</DescontoCondicionado>
			</Valores>
			<ItemListaServico>403</ItemListaServico>
			
			<CodigoTributacaoMunicipio>403</CodigoTributacaoMunicipio>
			<Discriminacao>TRATAMENTO ODONTOLÓGICO – CARGA TRIBUTÁRIA MÉDIA 
NACIONAL FEDERAL 13,45% = R$69,67
MUNICIPAL  2,05% = R$10,61
</Discriminacao>
			<CodigoMunicipio>4304606</CodigoMunicipio>
		</Servico>
		<ValorCredito>0.00</ValorCredito>
		<PrestadorServico>
			<IdentificacaoPrestador>
				<Cnpj>10720533000100</Cnpj>
				<InscricaoMunicipal>72061</InscricaoMunicipal>
			</IdentificacaoPrestador>
			<RazaoSocial>BHEM ODONTOLOGIA LTDA</RazaoSocial>
			<NomeFantasia>BHEM ODONTOLOGIA LTDA</NomeFantasia>
			<Endereco>
				<Endereco>RUA MATHIAS VELHO</Endereco>
				<Numero>266</Numero>
				<Complemento/>
				<Bairro>CENTRO</Bairro>
				<CodigoMunicipio>4304606</CodigoMunicipio>
				<Uf>RS</Uf>
				<Cep>92310300</Cep>
			</Endereco>
			<Contato>
				<Telefone>5130599088</Telefone>
				<Email>bhemodontologia@gmail.com</Email>
			</Contato>
		</PrestadorServico>
		<TomadorServico>
			<IdentificacaoTomador>
				<CpfCnpj>
					<Cpf>97715352004</Cpf>
					<Cnpj/>
				</CpfCnpj>
				<InscricaoMunicipal>0</InscricaoMunicipal>
			</IdentificacaoTomador>
			<RazaoSocial>ROBERTO ALVES FERREIRA</RazaoSocial>
			<Endereco>
				<Endereco/>
				<Numero/>
				<Complemento/>
				<Bairro/>
				<CodigoMunicipio>4304606</CodigoMunicipio>
				<Uf>RS</Uf>
				<Cep>0</Cep>
			</Endereco>
			<Contato>
				<Telefone/>
				<Email/>
			</Contato>
		</TomadorServico>
		<OrgaoGerador>
			<CodigoMunicipio>4304606</CodigoMunicipio>
			<Uf>RS</Uf>
		</OrgaoGerador>
	</InfNfse>
	
</Nfse>
</CompNfse>

<CompNfse>
<Nfse>
	<InfNfse id="8999">
		<Numero>8999</Numero>
		<Serie/>
		<Tipo/>
		<CodigoVerificacao>55BF.F803.DFF7</CodigoVerificacao>
		<DataEmissao>2019-05-03T15:09:32</DataEmissao>
		<IdentificacaoRps>
			<Numero>0</Numero>
			<Serie/>
			<Tipo>0</Tipo>
		</IdentificacaoRps>
		<DataEmissaoRps>0000-00-00</DataEmissaoRps>
		<NaturezaOperacao>1</NaturezaOperacao>
		
		<OptanteSimplesNacional>1</OptanteSimplesNacional>
		<IncentivadorCultural>2</IncentivadorCultural>
		<Competencia>2019-05-03</Competencia>
		
		<OutrasInformacoes>TRATAMENTO ODONTOLÓGICO – CARGA TRIBUTÁRIA MÉDIA 
NACIONAL FEDERAL 13,45% = R$67,25
MUNICIPAL  2,05% = R$10,25
</OutrasInformacoes>
		<Servico>
			<Valores>
				<ValorServicos>500.00</ValorServicos>
				<ValorDeducoes>0.00</ValorDeducoes>
				<ValorPis>0.00</ValorPis>
				<ValorCofins>0.00</ValorCofins>
				<ValorInss>0.00</ValorInss>
				<ValorIr>0.00</ValorIr>
				<ValorCsll>0.00</ValorCsll>
				<IssRetido>2</IssRetido>
				<ValorIss>0.00</ValorIss>
				<ValorIssRetido>0.00</ValorIssRetido>
				<OutrasRetencoes>0.00</OutrasRetencoes>
				<BaseCalculo>500.00</BaseCalculo>
				<Aliquota>0.0000</Aliquota>
				<ValorLiquidoNfse>500.00</ValorLiquidoNfse>
				<DescontoIncondicionado>0.00</DescontoIncondicionado>
				<DescontoCondicionado>0.00</DescontoCondicionado>
			</Valores>
			<ItemListaServico>403</ItemListaServico>
			
			<CodigoTributacaoMunicipio>403</CodigoTributacaoMunicipio>
			<Discriminacao>TRATAMENTO ODONTOLÓGICO – CARGA TRIBUTÁRIA MÉDIA 
NACIONAL FEDERAL 13,45% = R$67,25
MUNICIPAL  2,05% = R$10,25
</Discriminacao>
			<CodigoMunicipio>4304606</CodigoMunicipio>
		</Servico>
		<ValorCredito>0.00</ValorCredito>
		<PrestadorServico>
			<IdentificacaoPrestador>
				<Cnpj>10720533000100</Cnpj>
				<InscricaoMunicipal>72061</InscricaoMunicipal>
			</IdentificacaoPrestador>
			<RazaoSocial>BHEM ODONTOLOGIA LTDA</RazaoSocial>
			<NomeFantasia>BHEM ODONTOLOGIA LTDA</NomeFantasia>
			<Endereco>
				<Endereco>RUA MATHIAS VELHO</Endereco>
				<Numero>266</Numero>
				<Complemento/>
				<Bairro>CENTRO</Bairro>
				<CodigoMunicipio>4304606</CodigoMunicipio>
				<Uf>RS</Uf>
				<Cep>92310300</Cep>
			</Endereco>
			<Contato>
				<Telefone>5130599088</Telefone>
				<Email>bhemodontologia@gmail.com</Email>
			</Contato>
		</PrestadorServico>
		<TomadorServico>
			<IdentificacaoTomador>
				<CpfCnpj>
					<Cpf>89499565000</Cpf>
					<Cnpj/>
				</CpfCnpj>
				<InscricaoMunicipal>0</InscricaoMunicipal>
			</IdentificacaoTomador>
			<RazaoSocial>RITA ODESSA RODRIGUES AQUINI</RazaoSocial>
			<Endereco>
				<Endereco/>
				<Numero/>
				<Complemento/>
				<Bairro/>
				<CodigoMunicipio>4304606</CodigoMunicipio>
				<Uf>RS</Uf>
				<Cep>0</Cep>
			</Endereco>
			<Contato>
				<Telefone/>
				<Email/>
			</Contato>
		</TomadorServico>
		<OrgaoGerador>
			<CodigoMunicipio>4304606</CodigoMunicipio>
			<Uf>RS</Uf>
		</OrgaoGerador>
	</InfNfse>
	
</Nfse>
</CompNfse>

<CompNfse>
<Nfse>
	<InfNfse id="9000">
		<Numero>9000</Numero>
		<Serie/>
		<Tipo/>
		<CodigoVerificacao>9161.32A5.6910</CodigoVerificacao>
		<DataEmissao>2019-05-03T17:23:40</DataEmissao>
		<IdentificacaoRps>
			<Numero>0</Numero>
			<Serie/>
			<Tipo>0</Tipo>
		</IdentificacaoRps>
		<DataEmissaoRps>0000-00-00</DataEmissaoRps>
		<NaturezaOperacao>1</NaturezaOperacao>
		
		<OptanteSimplesNacional>1</OptanteSimplesNacional>
		<IncentivadorCultural>2</IncentivadorCultural>
		<Competencia>2019-05-03</Competencia>
		
		<OutrasInformacoes>TRATAMENTO ODONTOLÓGICO – CARGA TRIBUTÁRIA MÉDIA 
NACIONAL FEDERAL 13,45% = R$98,18
MUNICIPAL  2,05% = R$14,96
</OutrasInformacoes>
		<Servico>
			<Valores>
				<ValorServicos>730.00</ValorServicos>
				<ValorDeducoes>0.00</ValorDeducoes>
				<ValorPis>0.00</ValorPis>
				<ValorCofins>0.00</ValorCofins>
				<ValorInss>0.00</ValorInss>
				<ValorIr>0.00</ValorIr>
				<ValorCsll>0.00</ValorCsll>
				<IssRetido>2</IssRetido>
				<ValorIss>0.00</ValorIss>
				<ValorIssRetido>0.00</ValorIssRetido>
				<OutrasRetencoes>0.00</OutrasRetencoes>
				<BaseCalculo>730.00</BaseCalculo>
				<Aliquota>0.0000</Aliquota>
				<ValorLiquidoNfse>730.00</ValorLiquidoNfse>
				<DescontoIncondicionado>0.00</DescontoIncondicionado>
				<DescontoCondicionado>0.00</DescontoCondicionado>
			</Valores>
			<ItemListaServico>403</ItemListaServico>
			
			<CodigoTributacaoMunicipio>403</CodigoTributacaoMunicipio>
			<Discriminacao>TRATAMENTO ODONTOLÓGICO – CARGA TRIBUTÁRIA MÉDIA 
NACIONAL FEDERAL 13,45% = R$98,18
MUNICIPAL  2,05% = R$14,96
</Discriminacao>
			<CodigoMunicipio>4304606</CodigoMunicipio>
		</Servico>
		<ValorCredito>0.00</ValorCredito>
		<PrestadorServico>
			<IdentificacaoPrestador>
				<Cnpj>10720533000100</Cnpj>
				<InscricaoMunicipal>72061</InscricaoMunicipal>
			</IdentificacaoPrestador>
			<RazaoSocial>BHEM ODONTOLOGIA LTDA</RazaoSocial>
			<NomeFantasia>BHEM ODONTOLOGIA LTDA</NomeFantasia>
			<Endereco>
				<Endereco>RUA MATHIAS VELHO</Endereco>
				<Numero>266</Numero>
				<Complemento/>
				<Bairro>CENTRO</Bairro>
				<CodigoMunicipio>4304606</CodigoMunicipio>
				<Uf>RS</Uf>
				<Cep>92310300</Cep>
			</Endereco>
			<Contato>
				<Telefone>5130599088</Telefone>
				<Email>bhemodontologia@gmail.com</Email>
			</Contato>
		</PrestadorServico>
		<TomadorServico>
			<IdentificacaoTomador>
				<CpfCnpj>
					<Cpf>64881652087</Cpf>
					<Cnpj/>
				</CpfCnpj>
				<InscricaoMunicipal>0</InscricaoMunicipal>
			</IdentificacaoTomador>
			<RazaoSocial>MARIA BEATRIZ SEGALA</RazaoSocial>
			<Endereco>
				<Endereco/>
				<Numero/>
				<Complemento/>
				<Bairro/>
				<CodigoMunicipio>4304606</CodigoMunicipio>
				<Uf>RS</Uf>
				<Cep>0</Cep>
			</Endereco>
			<Contato>
				<Telefone/>
				<Email/>
			</Contato>
		</TomadorServico>
		<OrgaoGerador>
			<CodigoMunicipio>4304606</CodigoMunicipio>
			<Uf>RS</Uf>
		</OrgaoGerador>
	</InfNfse>
	
</Nfse>
</CompNfse>

<CompNfse>
<Nfse>
	<InfNfse id="9001">
		<Numero>9001</Numero>
		<Serie/>
		<Tipo/>
		<CodigoVerificacao>541E.DE38.2527</CodigoVerificacao>
		<DataEmissao>2019-05-03T18:07:11</DataEmissao>
		<IdentificacaoRps>
			<Numero>0</Numero>
			<Serie/>
			<Tipo>0</Tipo>
		</IdentificacaoRps>
		<DataEmissaoRps>0000-00-00</DataEmissaoRps>
		<NaturezaOperacao>1</NaturezaOperacao>
		
		<OptanteSimplesNacional>1</OptanteSimplesNacional>
		<IncentivadorCultural>2</IncentivadorCultural>
		<Competencia>2019-05-03</Competencia>
		
		<OutrasInformacoes>TRATAMENTO ODONTOLÓGICO – CARGA TRIBUTÁRIA MÉDIA 
NACIONAL FEDERAL 13,45% = R$25,55
MUNICIPAL  2,05% = R$3,89
</OutrasInformacoes>
		<Servico>
			<Valores>
				<ValorServicos>190.00</ValorServicos>
				<ValorDeducoes>0.00</ValorDeducoes>
				<ValorPis>0.00</ValorPis>
				<ValorCofins>0.00</ValorCofins>
				<ValorInss>0.00</ValorInss>
				<ValorIr>0.00</ValorIr>
				<ValorCsll>0.00</ValorCsll>
				<IssRetido>2</IssRetido>
				<ValorIss>0.00</ValorIss>
				<ValorIssRetido>0.00</ValorIssRetido>
				<OutrasRetencoes>0.00</OutrasRetencoes>
				<BaseCalculo>190.00</BaseCalculo>
				<Aliquota>0.0000</Aliquota>
				<ValorLiquidoNfse>190.00</ValorLiquidoNfse>
				<DescontoIncondicionado>0.00</DescontoIncondicionado>
				<DescontoCondicionado>0.00</DescontoCondicionado>
			</Valores>
			<ItemListaServico>403</ItemListaServico>
			
			<CodigoTributacaoMunicipio>403</CodigoTributacaoMunicipio>
			<Discriminacao>TRATAMENTO ODONTOLÓGICO – CARGA TRIBUTÁRIA MÉDIA 
NACIONAL FEDERAL 13,45% = R$25,55
MUNICIPAL  2,05% = R$3,89
</Discriminacao>
			<CodigoMunicipio>4304606</CodigoMunicipio>
		</Servico>
		<ValorCredito>0.00</ValorCredito>
		<PrestadorServico>
			<IdentificacaoPrestador>
				<Cnpj>10720533000100</Cnpj>
				<InscricaoMunicipal>72061</InscricaoMunicipal>
			</IdentificacaoPrestador>
			<RazaoSocial>BHEM ODONTOLOGIA LTDA</RazaoSocial>
			<NomeFantasia>BHEM ODONTOLOGIA LTDA</NomeFantasia>
			<Endereco>
				<Endereco>RUA MATHIAS VELHO</Endereco>
				<Numero>266</Numero>
				<Complemento/>
				<Bairro>CENTRO</Bairro>
				<CodigoMunicipio>4304606</CodigoMunicipio>
				<Uf>RS</Uf>
				<Cep>92310300</Cep>
			</Endereco>
			<Contato>
				<Telefone>5130599088</Telefone>
				<Email>bhemodontologia@gmail.com</Email>
			</Contato>
		</PrestadorServico>
		<TomadorServico>
			<IdentificacaoTomador>
				<CpfCnpj>
					<Cpf>00140737065</Cpf>
					<Cnpj/>
				</CpfCnpj>
				<InscricaoMunicipal>0</InscricaoMunicipal>
			</IdentificacaoTomador>
			<RazaoSocial>LIDIANE RIBEIRO BITENCOURT</RazaoSocial>
			<Endereco>
				<Endereco/>
				<Numero/>
				<Complemento/>
				<Bairro/>
				<CodigoMunicipio>4304606</CodigoMunicipio>
				<Uf>RS</Uf>
				<Cep>0</Cep>
			</Endereco>
			<Contato>
				<Telefone/>
				<Email/>
			</Contato>
		</TomadorServico>
		<OrgaoGerador>
			<CodigoMunicipio>4304606</CodigoMunicipio>
			<Uf>RS</Uf>
		</OrgaoGerador>
	</InfNfse>
	
</Nfse>
</CompNfse>

<CompNfse>
<Nfse>
	<InfNfse id="9002">
		<Numero>9002</Numero>
		<Serie/>
		<Tipo/>
		<CodigoVerificacao>7BE4.C3BF.0703</CodigoVerificacao>
		<DataEmissao>2019-05-06T09:42:11</DataEmissao>
		<IdentificacaoRps>
			<Numero>0</Numero>
			<Serie/>
			<Tipo>0</Tipo>
		</IdentificacaoRps>
		<DataEmissaoRps>0000-00-00</DataEmissaoRps>
		<NaturezaOperacao>1</NaturezaOperacao>
		
		<OptanteSimplesNacional>1</OptanteSimplesNacional>
		<IncentivadorCultural>2</IncentivadorCultural>
		<Competencia>2019-05-06</Competencia>
		
		<OutrasInformacoes>TRATAMENTO ODONTOLÓGICO – CARGA TRIBUTÁRIA MÉDIA 
NACIONAL FEDERAL 13,45% = R$161,40
MUNICIPAL  2,05% = R$24,60
</OutrasInformacoes>
		<Servico>
			<Valores>
				<ValorServicos>1200.00</ValorServicos>
				<ValorDeducoes>0.00</ValorDeducoes>
				<ValorPis>0.00</ValorPis>
				<ValorCofins>0.00</ValorCofins>
				<ValorInss>0.00</ValorInss>
				<ValorIr>0.00</ValorIr>
				<ValorCsll>0.00</ValorCsll>
				<IssRetido>2</IssRetido>
				<ValorIss>0.00</ValorIss>
				<ValorIssRetido>0.00</ValorIssRetido>
				<OutrasRetencoes>0.00</OutrasRetencoes>
				<BaseCalculo>1200.00</BaseCalculo>
				<Aliquota>0.0000</Aliquota>
				<ValorLiquidoNfse>1200.00</ValorLiquidoNfse>
				<DescontoIncondicionado>0.00</DescontoIncondicionado>
				<DescontoCondicionado>0.00</DescontoCondicionado>
			</Valores>
			<ItemListaServico>403</ItemListaServico>
			
			<CodigoTributacaoMunicipio>403</CodigoTributacaoMunicipio>
			<Discriminacao>TRATAMENTO ODONTOLÓGICO – CARGA TRIBUTÁRIA MÉDIA 
NACIONAL FEDERAL 13,45% = R$161,40
MUNICIPAL  2,05% = R$24,60
</Discriminacao>
			<CodigoMunicipio>4304606</CodigoMunicipio>
		</Servico>
		<ValorCredito>0.00</ValorCredito>
		<PrestadorServico>
			<IdentificacaoPrestador>
				<Cnpj>10720533000100</Cnpj>
				<InscricaoMunicipal>72061</InscricaoMunicipal>
			</IdentificacaoPrestador>
			<RazaoSocial>BHEM ODONTOLOGIA LTDA</RazaoSocial>
			<NomeFantasia>BHEM ODONTOLOGIA LTDA</NomeFantasia>
			<Endereco>
				<Endereco>RUA MATHIAS VELHO</Endereco>
				<Numero>266</Numero>
				<Complemento/>
				<Bairro>CENTRO</Bairro>
				<CodigoMunicipio>4304606</CodigoMunicipio>
				<Uf>RS</Uf>
				<Cep>92310300</Cep>
			</Endereco>
			<Contato>
				<Telefone>5130599088</Telefone>
				<Email>bhemodontologia@gmail.com</Email>
			</Contato>
		</PrestadorServico>
		<TomadorServico>
			<IdentificacaoTomador>
				<CpfCnpj>
					<Cpf>03759167098</Cpf>
					<Cnpj/>
				</CpfCnpj>
				<InscricaoMunicipal>0</InscricaoMunicipal>
			</IdentificacaoTomador>
			<RazaoSocial>PRISCILA MIRANDA DOS SANTOS</RazaoSocial>
			<Endereco>
				<Endereco/>
				<Numero/>
				<Complemento/>
				<Bairro/>
				<CodigoMunicipio>4304606</CodigoMunicipio>
				<Uf>RS</Uf>
				<Cep>0</Cep>
			</Endereco>
			<Contato>
				<Telefone/>
				<Email/>
			</Contato>
		</TomadorServico>
		<OrgaoGerador>
			<CodigoMunicipio>4304606</CodigoMunicipio>
			<Uf>RS</Uf>
		</OrgaoGerador>
	</InfNfse>
	
</Nfse>
</CompNfse>

<CompNfse>
<Nfse>
	<InfNfse id="9003">
		<Numero>9003</Numero>
		<Serie/>
		<Tipo/>
		<CodigoVerificacao>7171.F6F7.7E41</CodigoVerificacao>
		<DataEmissao>2019-05-06T10:18:32</DataEmissao>
		<IdentificacaoRps>
			<Numero>0</Numero>
			<Serie/>
			<Tipo>0</Tipo>
		</IdentificacaoRps>
		<DataEmissaoRps>0000-00-00</DataEmissaoRps>
		<NaturezaOperacao>1</NaturezaOperacao>
		
		<OptanteSimplesNacional>1</OptanteSimplesNacional>
		<IncentivadorCultural>2</IncentivadorCultural>
		<Competencia>2019-05-06</Competencia>
		
		<OutrasInformacoes>TRATAMENTO ODONTOLÓGICO – CARGA TRIBUTÁRIA MÉDIA 
NACIONAL FEDERAL 13,45% = R$30,93
MUNICIPAL  2,05% = R$4,71
</OutrasInformacoes>
		<Servico>
			<Valores>
				<ValorServicos>230.00</ValorServicos>
				<ValorDeducoes>0.00</ValorDeducoes>
				<ValorPis>0.00</ValorPis>
				<ValorCofins>0.00</ValorCofins>
				<ValorInss>0.00</ValorInss>
				<ValorIr>0.00</ValorIr>
				<ValorCsll>0.00</ValorCsll>
				<IssRetido>2</IssRetido>
				<ValorIss>0.00</ValorIss>
				<ValorIssRetido>0.00</ValorIssRetido>
				<OutrasRetencoes>0.00</OutrasRetencoes>
				<BaseCalculo>230.00</BaseCalculo>
				<Aliquota>0.0000</Aliquota>
				<ValorLiquidoNfse>230.00</ValorLiquidoNfse>
				<DescontoIncondicionado>0.00</DescontoIncondicionado>
				<DescontoCondicionado>0.00</DescontoCondicionado>
			</Valores>
			<ItemListaServico>403</ItemListaServico>
			
			<CodigoTributacaoMunicipio>403</CodigoTributacaoMunicipio>
			<Discriminacao>TRATAMENTO ODONTOLÓGICO – CARGA TRIBUTÁRIA MÉDIA 
NACIONAL FEDERAL 13,45% = R$30,93
MUNICIPAL  2,05% = R$4,71
</Discriminacao>
			<CodigoMunicipio>4304606</CodigoMunicipio>
		</Servico>
		<ValorCredito>0.00</ValorCredito>
		<PrestadorServico>
			<IdentificacaoPrestador>
				<Cnpj>10720533000100</Cnpj>
				<InscricaoMunicipal>72061</InscricaoMunicipal>
			</IdentificacaoPrestador>
			<RazaoSocial>BHEM ODONTOLOGIA LTDA</RazaoSocial>
			<NomeFantasia>BHEM ODONTOLOGIA LTDA</NomeFantasia>
			<Endereco>
				<Endereco>RUA MATHIAS VELHO</Endereco>
				<Numero>266</Numero>
				<Complemento/>
				<Bairro>CENTRO</Bairro>
				<CodigoMunicipio>4304606</CodigoMunicipio>
				<Uf>RS</Uf>
				<Cep>92310300</Cep>
			</Endereco>
			<Contato>
				<Telefone>5130599088</Telefone>
				<Email>bhemodontologia@gmail.com</Email>
			</Contato>
		</PrestadorServico>
		<TomadorServico>
			<IdentificacaoTomador>
				<CpfCnpj>
					<Cpf>96649895091</Cpf>
					<Cnpj/>
				</CpfCnpj>
				<InscricaoMunicipal>0</InscricaoMunicipal>
			</IdentificacaoTomador>
			<RazaoSocial>CRISTIANO CARVALHO</RazaoSocial>
			<Endereco>
				<Endereco/>
				<Numero/>
				<Complemento/>
				<Bairro/>
				<CodigoMunicipio>4304606</CodigoMunicipio>
				<Uf>RS</Uf>
				<Cep>0</Cep>
			</Endereco>
			<Contato>
				<Telefone/>
				<Email/>
			</Contato>
		</TomadorServico>
		<OrgaoGerador>
			<CodigoMunicipio>4304606</CodigoMunicipio>
			<Uf>RS</Uf>
		</OrgaoGerador>
	</InfNfse>
	
</Nfse>
</CompNfse>

<CompNfse>
<Nfse>
	<InfNfse id="9004">
		<Numero>9004</Numero>
		<Serie/>
		<Tipo/>
		<CodigoVerificacao>0F04.2B7C.E5F7</CodigoVerificacao>
		<DataEmissao>2019-05-06T14:26:05</DataEmissao>
		<IdentificacaoRps>
			<Numero>0</Numero>
			<Serie/>
			<Tipo>0</Tipo>
		</IdentificacaoRps>
		<DataEmissaoRps>0000-00-00</DataEmissaoRps>
		<NaturezaOperacao>1</NaturezaOperacao>
		
		<OptanteSimplesNacional>1</OptanteSimplesNacional>
		<IncentivadorCultural>2</IncentivadorCultural>
		<Competencia>2019-05-06</Competencia>
		
		<OutrasInformacoes>TRATAMENTO ODONTOLÓGICO – CARGA TRIBUTÁRIA MÉDIA 
NACIONAL FEDERAL 13,45% = R$69,67
MUNICIPAL  2,05% = R$10,61
</OutrasInformacoes>
		<Servico>
			<Valores>
				<ValorServicos>518.00</ValorServicos>
				<ValorDeducoes>0.00</ValorDeducoes>
				<ValorPis>0.00</ValorPis>
				<ValorCofins>0.00</ValorCofins>
				<ValorInss>0.00</ValorInss>
				<ValorIr>0.00</ValorIr>
				<ValorCsll>0.00</ValorCsll>
				<IssRetido>2</IssRetido>
				<ValorIss>0.00</ValorIss>
				<ValorIssRetido>0.00</ValorIssRetido>
				<OutrasRetencoes>0.00</OutrasRetencoes>
				<BaseCalculo>518.00</BaseCalculo>
				<Aliquota>0.0000</Aliquota>
				<ValorLiquidoNfse>518.00</ValorLiquidoNfse>
				<DescontoIncondicionado>0.00</DescontoIncondicionado>
				<DescontoCondicionado>0.00</DescontoCondicionado>
			</Valores>
			<ItemListaServico>403</ItemListaServico>
			
			<CodigoTributacaoMunicipio>403</CodigoTributacaoMunicipio>
			<Discriminacao>TRATAMENTO ODONTOLÓGICO – CARGA TRIBUTÁRIA MÉDIA 
NACIONAL FEDERAL 13,45% = R$69,67
MUNICIPAL  2,05% = R$10,61
</Discriminacao>
			<CodigoMunicipio>4304606</CodigoMunicipio>
		</Servico>
		<ValorCredito>0.00</ValorCredito>
		<PrestadorServico>
			<IdentificacaoPrestador>
				<Cnpj>10720533000100</Cnpj>
				<InscricaoMunicipal>72061</InscricaoMunicipal>
			</IdentificacaoPrestador>
			<RazaoSocial>BHEM ODONTOLOGIA LTDA</RazaoSocial>
			<NomeFantasia>BHEM ODONTOLOGIA LTDA</NomeFantasia>
			<Endereco>
				<Endereco>RUA MATHIAS VELHO</Endereco>
				<Numero>266</Numero>
				<Complemento/>
				<Bairro>CENTRO</Bairro>
				<CodigoMunicipio>4304606</CodigoMunicipio>
				<Uf>RS</Uf>
				<Cep>92310300</Cep>
			</Endereco>
			<Contato>
				<Telefone>5130599088</Telefone>
				<Email>bhemodontologia@gmail.com</Email>
			</Contato>
		</PrestadorServico>
		<TomadorServico>
			<IdentificacaoTomador>
				<CpfCnpj>
					<Cpf>29471303087</Cpf>
					<Cnpj/>
				</CpfCnpj>
				<InscricaoMunicipal>0</InscricaoMunicipal>
			</IdentificacaoTomador>
			<RazaoSocial>SOLANGE HELENA BERNARDES SADUAYA</RazaoSocial>
			<Endereco>
				<Endereco/>
				<Numero/>
				<Complemento/>
				<Bairro/>
				<CodigoMunicipio>4304606</CodigoMunicipio>
				<Uf>RS</Uf>
				<Cep>0</Cep>
			</Endereco>
			<Contato>
				<Telefone/>
				<Email/>
			</Contato>
		</TomadorServico>
		<OrgaoGerador>
			<CodigoMunicipio>4304606</CodigoMunicipio>
			<Uf>RS</Uf>
		</OrgaoGerador>
	</InfNfse>
	
</Nfse>
</CompNfse>

<CompNfse>
<Nfse>
	<InfNfse id="9005">
		<Numero>9005</Numero>
		<Serie/>
		<Tipo/>
		<CodigoVerificacao>FFCE.91C9.598F</CodigoVerificacao>
		<DataEmissao>2019-05-06T18:14:42</DataEmissao>
		<IdentificacaoRps>
			<Numero>0</Numero>
			<Serie/>
			<Tipo>0</Tipo>
		</IdentificacaoRps>
		<DataEmissaoRps>0000-00-00</DataEmissaoRps>
		<NaturezaOperacao>1</NaturezaOperacao>
		
		<OptanteSimplesNacional>1</OptanteSimplesNacional>
		<IncentivadorCultural>2</IncentivadorCultural>
		<Competencia>2019-05-06</Competencia>
		
		<OutrasInformacoes>TRATAMENTO ODONTOLÓGICO – CARGA TRIBUTÁRIA MÉDIA 
NACIONAL FEDERAL 13,45% = R$25,55
MUNICIPAL  2,05% = R$3,89
</OutrasInformacoes>
		<Servico>
			<Valores>
				<ValorServicos>190.00</ValorServicos>
				<ValorDeducoes>0.00</ValorDeducoes>
				<ValorPis>0.00</ValorPis>
				<ValorCofins>0.00</ValorCofins>
				<ValorInss>0.00</ValorInss>
				<ValorIr>0.00</ValorIr>
				<ValorCsll>0.00</ValorCsll>
				<IssRetido>2</IssRetido>
				<ValorIss>0.00</ValorIss>
				<ValorIssRetido>0.00</ValorIssRetido>
				<OutrasRetencoes>0.00</OutrasRetencoes>
				<BaseCalculo>190.00</BaseCalculo>
				<Aliquota>0.0000</Aliquota>
				<ValorLiquidoNfse>190.00</ValorLiquidoNfse>
				<DescontoIncondicionado>0.00</DescontoIncondicionado>
				<DescontoCondicionado>0.00</DescontoCondicionado>
			</Valores>
			<ItemListaServico>403</ItemListaServico>
			
			<CodigoTributacaoMunicipio>403</CodigoTributacaoMunicipio>
			<Discriminacao>TRATAMENTO ODONTOLÓGICO – CARGA TRIBUTÁRIA MÉDIA 
NACIONAL FEDERAL 13,45% = R$25,55
MUNICIPAL  2,05% = R$3,89
</Discriminacao>
			<CodigoMunicipio>4304606</CodigoMunicipio>
		</Servico>
		<ValorCredito>0.00</ValorCredito>
		<PrestadorServico>
			<IdentificacaoPrestador>
				<Cnpj>10720533000100</Cnpj>
				<InscricaoMunicipal>72061</InscricaoMunicipal>
			</IdentificacaoPrestador>
			<RazaoSocial>BHEM ODONTOLOGIA LTDA</RazaoSocial>
			<NomeFantasia>BHEM ODONTOLOGIA LTDA</NomeFantasia>
			<Endereco>
				<Endereco>RUA MATHIAS VELHO</Endereco>
				<Numero>266</Numero>
				<Complemento/>
				<Bairro>CENTRO</Bairro>
				<CodigoMunicipio>4304606</CodigoMunicipio>
				<Uf>RS</Uf>
				<Cep>92310300</Cep>
			</Endereco>
			<Contato>
				<Telefone>5130599088</Telefone>
				<Email>bhemodontologia@gmail.com</Email>
			</Contato>
		</PrestadorServico>
		<TomadorServico>
			<IdentificacaoTomador>
				<CpfCnpj>
					<Cpf>63152126034</Cpf>
					<Cnpj/>
				</CpfCnpj>
				<InscricaoMunicipal>0</InscricaoMunicipal>
			</IdentificacaoTomador>
			<RazaoSocial>TANIA REGINA CASTRO PACHECO</RazaoSocial>
			<Endereco>
				<Endereco/>
				<Numero/>
				<Complemento/>
				<Bairro/>
				<CodigoMunicipio>4304606</CodigoMunicipio>
				<Uf>RS</Uf>
				<Cep>0</Cep>
			</Endereco>
			<Contato>
				<Telefone/>
				<Email/>
			</Contato>
		</TomadorServico>
		<OrgaoGerador>
			<CodigoMunicipio>4304606</CodigoMunicipio>
			<Uf>RS</Uf>
		</OrgaoGerador>
	</InfNfse>
	
</Nfse>
</CompNfse>

<CompNfse>
<Nfse>
	<InfNfse id="9006">
		<Numero>9006</Numero>
		<Serie/>
		<Tipo/>
		<CodigoVerificacao>DA5B.90D6.1621</CodigoVerificacao>
		<DataEmissao>2019-05-07T11:30:16</DataEmissao>
		<IdentificacaoRps>
			<Numero>0</Numero>
			<Serie/>
			<Tipo>0</Tipo>
		</IdentificacaoRps>
		<DataEmissaoRps>0000-00-00</DataEmissaoRps>
		<NaturezaOperacao>1</NaturezaOperacao>
		
		<OptanteSimplesNacional>1</OptanteSimplesNacional>
		<IncentivadorCultural>2</IncentivadorCultural>
		<Competencia>2019-05-07</Competencia>
		
		<OutrasInformacoes>TRATAMENTO ESTÉTICO – CARGA TRIBUTÁRIA MÉDIA 
NACIONAL FEDERAL 13,45% = R$174,85
MUNICIPAL  2,05% = R$26,65
</OutrasInformacoes>
		<Servico>
			<Valores>
				<ValorServicos>1300.00</ValorServicos>
				<ValorDeducoes>0.00</ValorDeducoes>
				<ValorPis>0.00</ValorPis>
				<ValorCofins>0.00</ValorCofins>
				<ValorInss>0.00</ValorInss>
				<ValorIr>0.00</ValorIr>
				<ValorCsll>0.00</ValorCsll>
				<IssRetido>2</IssRetido>
				<ValorIss>0.00</ValorIss>
				<ValorIssRetido>0.00</ValorIssRetido>
				<OutrasRetencoes>0.00</OutrasRetencoes>
				<BaseCalculo>1300.00</BaseCalculo>
				<Aliquota>0.0000</Aliquota>
				<ValorLiquidoNfse>1300.00</ValorLiquidoNfse>
				<DescontoIncondicionado>0.00</DescontoIncondicionado>
				<DescontoCondicionado>0.00</DescontoCondicionado>
			</Valores>
			<ItemListaServico>403</ItemListaServico>
			
			<CodigoTributacaoMunicipio>403</CodigoTributacaoMunicipio>
			<Discriminacao>TRATAMENTO ESTÉTICO – CARGA TRIBUTÁRIA MÉDIA 
NACIONAL FEDERAL 13,45% = R$174,85
MUNICIPAL  2,05% = R$26,65
</Discriminacao>
			<CodigoMunicipio>4304606</CodigoMunicipio>
		</Servico>
		<ValorCredito>0.00</ValorCredito>
		<PrestadorServico>
			<IdentificacaoPrestador>
				<Cnpj>10720533000100</Cnpj>
				<InscricaoMunicipal>72061</InscricaoMunicipal>
			</IdentificacaoPrestador>
			<RazaoSocial>BHEM ODONTOLOGIA LTDA</RazaoSocial>
			<NomeFantasia>BHEM ODONTOLOGIA LTDA</NomeFantasia>
			<Endereco>
				<Endereco>RUA MATHIAS VELHO</Endereco>
				<Numero>266</Numero>
				<Complemento/>
				<Bairro>CENTRO</Bairro>
				<CodigoMunicipio>4304606</CodigoMunicipio>
				<Uf>RS</Uf>
				<Cep>92310300</Cep>
			</Endereco>
			<Contato>
				<Telefone>5130599088</Telefone>
				<Email>bhemodontologia@gmail.com</Email>
			</Contato>
		</PrestadorServico>
		<TomadorServico>
			<IdentificacaoTomador>
				<CpfCnpj>
					<Cpf>67633943068</Cpf>
					<Cnpj/>
				</CpfCnpj>
				<InscricaoMunicipal>0</InscricaoMunicipal>
			</IdentificacaoTomador>
			<RazaoSocial>CARMEM LUIZA FERRÃO ROSETTI</RazaoSocial>
			<Endereco>
				<Endereco>RUA CURUPAITI</Endereco>
				<Numero>496</Numero>
				<Complemento/>
				<Bairro/>
				<CodigoMunicipio>4304606</CodigoMunicipio>
				<Uf>RS</Uf>
				<Cep>92110010</Cep>
			</Endereco>
			<Contato>
				<Telefone>51984875018</Telefone>
				<Email/>
			</Contato>
		</TomadorServico>
		<OrgaoGerador>
			<CodigoMunicipio>4304606</CodigoMunicipio>
			<Uf>RS</Uf>
		</OrgaoGerador>
	</InfNfse>
	
</Nfse>
</CompNfse>

<CompNfse>
<Nfse>
	<InfNfse id="9007">
		<Numero>9007</Numero>
		<Serie/>
		<Tipo/>
		<CodigoVerificacao>6559.1759.3242</CodigoVerificacao>
		<DataEmissao>2019-05-07T11:32:40</DataEmissao>
		<IdentificacaoRps>
			<Numero>0</Numero>
			<Serie/>
			<Tipo>0</Tipo>
		</IdentificacaoRps>
		<DataEmissaoRps>0000-00-00</DataEmissaoRps>
		<NaturezaOperacao>1</NaturezaOperacao>
		
		<OptanteSimplesNacional>1</OptanteSimplesNacional>
		<IncentivadorCultural>2</IncentivadorCultural>
		<Competencia>2019-05-07</Competencia>
		
		<OutrasInformacoes>TRATAMENTO ODONTOLÓGICO – CARGA TRIBUTÁRIA MÉDIA 
NACIONAL FEDERAL 13,45% = R$36,31
MUNICIPAL  2,05% = R$5,53
</OutrasInformacoes>
		<Servico>
			<Valores>
				<ValorServicos>270.00</ValorServicos>
				<ValorDeducoes>0.00</ValorDeducoes>
				<ValorPis>0.00</ValorPis>
				<ValorCofins>0.00</ValorCofins>
				<ValorInss>0.00</ValorInss>
				<ValorIr>0.00</ValorIr>
				<ValorCsll>0.00</ValorCsll>
				<IssRetido>2</IssRetido>
				<ValorIss>0.00</ValorIss>
				<ValorIssRetido>0.00</ValorIssRetido>
				<OutrasRetencoes>0.00</OutrasRetencoes>
				<BaseCalculo>270.00</BaseCalculo>
				<Aliquota>0.0000</Aliquota>
				<ValorLiquidoNfse>270.00</ValorLiquidoNfse>
				<DescontoIncondicionado>0.00</DescontoIncondicionado>
				<DescontoCondicionado>0.00</DescontoCondicionado>
			</Valores>
			<ItemListaServico>403</ItemListaServico>
			
			<CodigoTributacaoMunicipio>403</CodigoTributacaoMunicipio>
			<Discriminacao>TRATAMENTO ODONTOLÓGICO – CARGA TRIBUTÁRIA MÉDIA 
NACIONAL FEDERAL 13,45% = R$36,31
MUNICIPAL  2,05% = R$5,53
</Discriminacao>
			<CodigoMunicipio>4304606</CodigoMunicipio>
		</Servico>
		<ValorCredito>0.00</ValorCredito>
		<PrestadorServico>
			<IdentificacaoPrestador>
				<Cnpj>10720533000100</Cnpj>
				<InscricaoMunicipal>72061</InscricaoMunicipal>
			</IdentificacaoPrestador>
			<RazaoSocial>BHEM ODONTOLOGIA LTDA</RazaoSocial>
			<NomeFantasia>BHEM ODONTOLOGIA LTDA</NomeFantasia>
			<Endereco>
				<Endereco>RUA MATHIAS VELHO</Endereco>
				<Numero>266</Numero>
				<Complemento/>
				<Bairro>CENTRO</Bairro>
				<CodigoMunicipio>4304606</CodigoMunicipio>
				<Uf>RS</Uf>
				<Cep>92310300</Cep>
			</Endereco>
			<Contato>
				<Telefone>5130599088</Telefone>
				<Email>bhemodontologia@gmail.com</Email>
			</Contato>
		</PrestadorServico>
		<TomadorServico>
			<IdentificacaoTomador>
				<CpfCnpj>
					<Cpf>54147298087</Cpf>
					<Cnpj/>
				</CpfCnpj>
				<InscricaoMunicipal>0</InscricaoMunicipal>
			</IdentificacaoTomador>
			<RazaoSocial>ANDREIA DORNELLES</RazaoSocial>
			<Endereco>
				<Endereco/>
				<Numero/>
				<Complemento/>
				<Bairro/>
				<CodigoMunicipio>4304606</CodigoMunicipio>
				<Uf>RS</Uf>
				<Cep>0</Cep>
			</Endereco>
			<Contato>
				<Telefone/>
				<Email/>
			</Contato>
		</TomadorServico>
		<OrgaoGerador>
			<CodigoMunicipio>4304606</CodigoMunicipio>
			<Uf>RS</Uf>
		</OrgaoGerador>
	</InfNfse>
	
</Nfse>
</CompNfse>

<CompNfse>
<Nfse>
	<InfNfse id="9008">
		<Numero>9008</Numero>
		<Serie/>
		<Tipo/>
		<CodigoVerificacao>A80A.C6B7.7951</CodigoVerificacao>
		<DataEmissao>2019-05-07T15:49:31</DataEmissao>
		<IdentificacaoRps>
			<Numero>0</Numero>
			<Serie/>
			<Tipo>0</Tipo>
		</IdentificacaoRps>
		<DataEmissaoRps>0000-00-00</DataEmissaoRps>
		<NaturezaOperacao>1</NaturezaOperacao>
		
		<OptanteSimplesNacional>1</OptanteSimplesNacional>
		<IncentivadorCultural>2</IncentivadorCultural>
		<Competencia>2019-05-07</Competencia>
		
		<OutrasInformacoes>TRATAMENTO ESTÉTICO – CARGA TRIBUTÁRIA MÉDIA 
NACIONAL FEDERAL 13,45% = R$189,64
MUNICIPAL  2,05% = R$28,90
</OutrasInformacoes>
		<Servico>
			<Valores>
				<ValorServicos>1410.00</ValorServicos>
				<ValorDeducoes>0.00</ValorDeducoes>
				<ValorPis>0.00</ValorPis>
				<ValorCofins>0.00</ValorCofins>
				<ValorInss>0.00</ValorInss>
				<ValorIr>0.00</ValorIr>
				<ValorCsll>0.00</ValorCsll>
				<IssRetido>2</IssRetido>
				<ValorIss>0.00</ValorIss>
				<ValorIssRetido>0.00</ValorIssRetido>
				<OutrasRetencoes>0.00</OutrasRetencoes>
				<BaseCalculo>1410.00</BaseCalculo>
				<Aliquota>0.0000</Aliquota>
				<ValorLiquidoNfse>1410.00</ValorLiquidoNfse>
				<DescontoIncondicionado>0.00</DescontoIncondicionado>
				<DescontoCondicionado>0.00</DescontoCondicionado>
			</Valores>
			<ItemListaServico>403</ItemListaServico>
			
			<CodigoTributacaoMunicipio>403</CodigoTributacaoMunicipio>
			<Discriminacao>TRATAMENTO ESTÉTICO – CARGA TRIBUTÁRIA MÉDIA 
NACIONAL FEDERAL 13,45% = R$189,64
MUNICIPAL  2,05% = R$28,90
</Discriminacao>
			<CodigoMunicipio>4304606</CodigoMunicipio>
		</Servico>
		<ValorCredito>0.00</ValorCredito>
		<PrestadorServico>
			<IdentificacaoPrestador>
				<Cnpj>10720533000100</Cnpj>
				<InscricaoMunicipal>72061</InscricaoMunicipal>
			</IdentificacaoPrestador>
			<RazaoSocial>BHEM ODONTOLOGIA LTDA</RazaoSocial>
			<NomeFantasia>BHEM ODONTOLOGIA LTDA</NomeFantasia>
			<Endereco>
				<Endereco>RUA MATHIAS VELHO</Endereco>
				<Numero>266</Numero>
				<Complemento/>
				<Bairro>CENTRO</Bairro>
				<CodigoMunicipio>4304606</CodigoMunicipio>
				<Uf>RS</Uf>
				<Cep>92310300</Cep>
			</Endereco>
			<Contato>
				<Telefone>5130599088</Telefone>
				<Email>bhemodontologia@gmail.com</Email>
			</Contato>
		</PrestadorServico>
		<TomadorServico>
			<IdentificacaoTomador>
				<CpfCnpj>
					<Cpf>56348975053</Cpf>
					<Cnpj/>
				</CpfCnpj>
				<InscricaoMunicipal>0</InscricaoMunicipal>
			</IdentificacaoTomador>
			<RazaoSocial>MARGARIDA ANTUNES DA ROSA</RazaoSocial>
			<Endereco>
				<Endereco/>
				<Numero/>
				<Complemento/>
				<Bairro/>
				<CodigoMunicipio>4304606</CodigoMunicipio>
				<Uf>RS</Uf>
				<Cep>0</Cep>
			</Endereco>
			<Contato>
				<Telefone/>
				<Email/>
			</Contato>
		</TomadorServico>
		<OrgaoGerador>
			<CodigoMunicipio>4304606</CodigoMunicipio>
			<Uf>RS</Uf>
		</OrgaoGerador>
	</InfNfse>
	
</Nfse>
</CompNfse>

<CompNfse>
<Nfse>
	<InfNfse id="9009">
		<Numero>9009</Numero>
		<Serie/>
		<Tipo/>
		<CodigoVerificacao>3259.BC67.0430</CodigoVerificacao>
		<DataEmissao>2019-05-08T09:23:43</DataEmissao>
		<IdentificacaoRps>
			<Numero>0</Numero>
			<Serie/>
			<Tipo>0</Tipo>
		</IdentificacaoRps>
		<DataEmissaoRps>0000-00-00</DataEmissaoRps>
		<NaturezaOperacao>1</NaturezaOperacao>
		
		<OptanteSimplesNacional>1</OptanteSimplesNacional>
		<IncentivadorCultural>2</IncentivadorCultural>
		<Competencia>2019-05-08</Competencia>
		
		<OutrasInformacoes>TRATAMENTO ODONTOLÓGICO – CARGA TRIBUTÁRIA MÉDIA 
NACIONAL FEDERAL 13,45% = R$14,12
MUNICIPAL  2,05% = R$2,15
</OutrasInformacoes>
		<Servico>
			<Valores>
				<ValorServicos>105.00</ValorServicos>
				<ValorDeducoes>0.00</ValorDeducoes>
				<ValorPis>0.00</ValorPis>
				<ValorCofins>0.00</ValorCofins>
				<ValorInss>0.00</ValorInss>
				<ValorIr>0.00</ValorIr>
				<ValorCsll>0.00</ValorCsll>
				<IssRetido>2</IssRetido>
				<ValorIss>0.00</ValorIss>
				<ValorIssRetido>0.00</ValorIssRetido>
				<OutrasRetencoes>0.00</OutrasRetencoes>
				<BaseCalculo>105.00</BaseCalculo>
				<Aliquota>0.0000</Aliquota>
				<ValorLiquidoNfse>105.00</ValorLiquidoNfse>
				<DescontoIncondicionado>0.00</DescontoIncondicionado>
				<DescontoCondicionado>0.00</DescontoCondicionado>
			</Valores>
			<ItemListaServico>403</ItemListaServico>
			
			<CodigoTributacaoMunicipio>403</CodigoTributacaoMunicipio>
			<Discriminacao>TRATAMENTO ODONTOLÓGICO – CARGA TRIBUTÁRIA MÉDIA 
NACIONAL FEDERAL 13,45% = R$14,12
MUNICIPAL  2,05% = R$2,15
</Discriminacao>
			<CodigoMunicipio>4304606</CodigoMunicipio>
		</Servico>
		<ValorCredito>0.00</ValorCredito>
		<PrestadorServico>
			<IdentificacaoPrestador>
				<Cnpj>10720533000100</Cnpj>
				<InscricaoMunicipal>72061</InscricaoMunicipal>
			</IdentificacaoPrestador>
			<RazaoSocial>BHEM ODONTOLOGIA LTDA</RazaoSocial>
			<NomeFantasia>BHEM ODONTOLOGIA LTDA</NomeFantasia>
			<Endereco>
				<Endereco>RUA MATHIAS VELHO</Endereco>
				<Numero>266</Numero>
				<Complemento/>
				<Bairro>CENTRO</Bairro>
				<CodigoMunicipio>4304606</CodigoMunicipio>
				<Uf>RS</Uf>
				<Cep>92310300</Cep>
			</Endereco>
			<Contato>
				<Telefone>5130599088</Telefone>
				<Email>bhemodontologia@gmail.com</Email>
			</Contato>
		</PrestadorServico>
		<TomadorServico>
			<IdentificacaoTomador>
				<CpfCnpj>
					<Cpf>04215870089</Cpf>
					<Cnpj/>
				</CpfCnpj>
				<InscricaoMunicipal>0</InscricaoMunicipal>
			</IdentificacaoTomador>
			<RazaoSocial>RUAN MENDES PINHO</RazaoSocial>
			<Endereco>
				<Endereco/>
				<Numero/>
				<Complemento/>
				<Bairro/>
				<CodigoMunicipio>4304606</CodigoMunicipio>
				<Uf>RS</Uf>
				<Cep>0</Cep>
			</Endereco>
			<Contato>
				<Telefone/>
				<Email/>
			</Contato>
		</TomadorServico>
		<OrgaoGerador>
			<CodigoMunicipio>4304606</CodigoMunicipio>
			<Uf>RS</Uf>
		</OrgaoGerador>
	</InfNfse>
	
</Nfse>
</CompNfse>

<CompNfse>
<Nfse>
	<InfNfse id="9010">
		<Numero>9010</Numero>
		<Serie/>
		<Tipo/>
		<CodigoVerificacao>4570.9CEC.5B90</CodigoVerificacao>
		<DataEmissao>2019-05-08T14:10:15</DataEmissao>
		<IdentificacaoRps>
			<Numero>0</Numero>
			<Serie/>
			<Tipo>0</Tipo>
		</IdentificacaoRps>
		<DataEmissaoRps>0000-00-00</DataEmissaoRps>
		<NaturezaOperacao>1</NaturezaOperacao>
		
		<OptanteSimplesNacional>1</OptanteSimplesNacional>
		<IncentivadorCultural>2</IncentivadorCultural>
		<Competencia>2019-05-08</Competencia>
		
		<OutrasInformacoes>TRATAMENTO ODONTOLÓGICO – CARGA TRIBUTÁRIA MÉDIA 
NACIONAL FEDERAL 13,45% = R$49,09
MUNICIPAL  2,05% = R$7,48
</OutrasInformacoes>
		<Servico>
			<Valores>
				<ValorServicos>365.00</ValorServicos>
				<ValorDeducoes>0.00</ValorDeducoes>
				<ValorPis>0.00</ValorPis>
				<ValorCofins>0.00</ValorCofins>
				<ValorInss>0.00</ValorInss>
				<ValorIr>0.00</ValorIr>
				<ValorCsll>0.00</ValorCsll>
				<IssRetido>2</IssRetido>
				<ValorIss>0.00</ValorIss>
				<ValorIssRetido>0.00</ValorIssRetido>
				<OutrasRetencoes>0.00</OutrasRetencoes>
				<BaseCalculo>365.00</BaseCalculo>
				<Aliquota>0.0000</Aliquota>
				<ValorLiquidoNfse>365.00</ValorLiquidoNfse>
				<DescontoIncondicionado>0.00</DescontoIncondicionado>
				<DescontoCondicionado>0.00</DescontoCondicionado>
			</Valores>
			<ItemListaServico>403</ItemListaServico>
			
			<CodigoTributacaoMunicipio>403</CodigoTributacaoMunicipio>
			<Discriminacao>TRATAMENTO ODONTOLÓGICO – CARGA TRIBUTÁRIA MÉDIA 
NACIONAL FEDERAL 13,45% = R$49,09
MUNICIPAL  2,05% = R$7,48
</Discriminacao>
			<CodigoMunicipio>4304606</CodigoMunicipio>
		</Servico>
		<ValorCredito>0.00</ValorCredito>
		<PrestadorServico>
			<IdentificacaoPrestador>
				<Cnpj>10720533000100</Cnpj>
				<InscricaoMunicipal>72061</InscricaoMunicipal>
			</IdentificacaoPrestador>
			<RazaoSocial>BHEM ODONTOLOGIA LTDA</RazaoSocial>
			<NomeFantasia>BHEM ODONTOLOGIA LTDA</NomeFantasia>
			<Endereco>
				<Endereco>RUA MATHIAS VELHO</Endereco>
				<Numero>266</Numero>
				<Complemento/>
				<Bairro>CENTRO</Bairro>
				<CodigoMunicipio>4304606</CodigoMunicipio>
				<Uf>RS</Uf>
				<Cep>92310300</Cep>
			</Endereco>
			<Contato>
				<Telefone>5130599088</Telefone>
				<Email>bhemodontologia@gmail.com</Email>
			</Contato>
		</PrestadorServico>
		<TomadorServico>
			<IdentificacaoTomador>
				<CpfCnpj>
					<Cpf>65643054000</Cpf>
					<Cnpj/>
				</CpfCnpj>
				<InscricaoMunicipal>0</InscricaoMunicipal>
			</IdentificacaoTomador>
			<RazaoSocial>MARIA APARECIDA SILVEIRA DOS SANTOS</RazaoSocial>
			<Endereco>
				<Endereco/>
				<Numero/>
				<Complemento/>
				<Bairro/>
				<CodigoMunicipio>4304606</CodigoMunicipio>
				<Uf>RS</Uf>
				<Cep>0</Cep>
			</Endereco>
			<Contato>
				<Telefone/>
				<Email/>
			</Contato>
		</TomadorServico>
		<OrgaoGerador>
			<CodigoMunicipio>4304606</CodigoMunicipio>
			<Uf>RS</Uf>
		</OrgaoGerador>
	</InfNfse>
	
</Nfse>
</CompNfse>

<CompNfse>
<Nfse>
	<InfNfse id="9011">
		<Numero>9011</Numero>
		<Serie/>
		<Tipo/>
		<CodigoVerificacao>5E98.FEAC.1CC0</CodigoVerificacao>
		<DataEmissao>2019-05-09T11:32:14</DataEmissao>
		<IdentificacaoRps>
			<Numero>0</Numero>
			<Serie/>
			<Tipo>0</Tipo>
		</IdentificacaoRps>
		<DataEmissaoRps>0000-00-00</DataEmissaoRps>
		<NaturezaOperacao>1</NaturezaOperacao>
		
		<OptanteSimplesNacional>1</OptanteSimplesNacional>
		<IncentivadorCultural>2</IncentivadorCultural>
		<Competencia>2019-05-09</Competencia>
		
		<OutrasInformacoes>TRATAMENTO ODONTOLÓGICO – CARGA TRIBUTÁRIA MÉDIA 
NACIONAL FEDERAL 13,45% = R$13,96
MUNICIPAL  2,05% = R$2,12
</OutrasInformacoes>
		<Servico>
			<Valores>
				<ValorServicos>103.85</ValorServicos>
				<ValorDeducoes>0.00</ValorDeducoes>
				<ValorPis>0.00</ValorPis>
				<ValorCofins>0.00</ValorCofins>
				<ValorInss>0.00</ValorInss>
				<ValorIr>0.00</ValorIr>
				<ValorCsll>0.00</ValorCsll>
				<IssRetido>2</IssRetido>
				<ValorIss>0.00</ValorIss>
				<ValorIssRetido>0.00</ValorIssRetido>
				<OutrasRetencoes>0.00</OutrasRetencoes>
				<BaseCalculo>103.85</BaseCalculo>
				<Aliquota>0.0000</Aliquota>
				<ValorLiquidoNfse>103.85</ValorLiquidoNfse>
				<DescontoIncondicionado>0.00</DescontoIncondicionado>
				<DescontoCondicionado>0.00</DescontoCondicionado>
			</Valores>
			<ItemListaServico>403</ItemListaServico>
			
			<CodigoTributacaoMunicipio>403</CodigoTributacaoMunicipio>
			<Discriminacao>TRATAMENTO ODONTOLÓGICO – CARGA TRIBUTÁRIA MÉDIA 
NACIONAL FEDERAL 13,45% = R$13,96
MUNICIPAL  2,05% = R$2,12
</Discriminacao>
			<CodigoMunicipio>4304606</CodigoMunicipio>
		</Servico>
		<ValorCredito>0.00</ValorCredito>
		<PrestadorServico>
			<IdentificacaoPrestador>
				<Cnpj>10720533000100</Cnpj>
				<InscricaoMunicipal>72061</InscricaoMunicipal>
			</IdentificacaoPrestador>
			<RazaoSocial>BHEM ODONTOLOGIA LTDA</RazaoSocial>
			<NomeFantasia>BHEM ODONTOLOGIA LTDA</NomeFantasia>
			<Endereco>
				<Endereco>RUA MATHIAS VELHO</Endereco>
				<Numero>266</Numero>
				<Complemento/>
				<Bairro>CENTRO</Bairro>
				<CodigoMunicipio>4304606</CodigoMunicipio>
				<Uf>RS</Uf>
				<Cep>92310300</Cep>
			</Endereco>
			<Contato>
				<Telefone>5130599088</Telefone>
				<Email>bhemodontologia@gmail.com</Email>
			</Contato>
		</PrestadorServico>
		<TomadorServico>
			<IdentificacaoTomador>
				<CpfCnpj>
					<Cpf>03955200027</Cpf>
					<Cnpj/>
				</CpfCnpj>
				<InscricaoMunicipal>0</InscricaoMunicipal>
			</IdentificacaoTomador>
			<RazaoSocial>VITOR FERREIRA FORTES</RazaoSocial>
			<Endereco>
				<Endereco/>
				<Numero/>
				<Complemento/>
				<Bairro/>
				<CodigoMunicipio>4304606</CodigoMunicipio>
				<Uf>RS</Uf>
				<Cep>0</Cep>
			</Endereco>
			<Contato>
				<Telefone/>
				<Email/>
			</Contato>
		</TomadorServico>
		<OrgaoGerador>
			<CodigoMunicipio>4304606</CodigoMunicipio>
			<Uf>RS</Uf>
		</OrgaoGerador>
	</InfNfse>
	
</Nfse>
</CompNfse>

<CompNfse>
<Nfse>
	<InfNfse id="9012">
		<Numero>9012</Numero>
		<Serie/>
		<Tipo/>
		<CodigoVerificacao>C4A5.9915.74CA</CodigoVerificacao>
		<DataEmissao>2019-05-09T11:34:23</DataEmissao>
		<IdentificacaoRps>
			<Numero>0</Numero>
			<Serie/>
			<Tipo>0</Tipo>
		</IdentificacaoRps>
		<DataEmissaoRps>0000-00-00</DataEmissaoRps>
		<NaturezaOperacao>1</NaturezaOperacao>
		
		<OptanteSimplesNacional>1</OptanteSimplesNacional>
		<IncentivadorCultural>2</IncentivadorCultural>
		<Competencia>2019-05-09</Competencia>
		
		<OutrasInformacoes>TRATAMENTO ESTÉTICO – CARGA TRIBUTÁRIA MÉDIA 
NACIONAL FEDERAL 13,45% = R$162,74
MUNICIPAL  2,05% = R$24,80
</OutrasInformacoes>
		<Servico>
			<Valores>
				<ValorServicos>1210.00</ValorServicos>
				<ValorDeducoes>0.00</ValorDeducoes>
				<ValorPis>0.00</ValorPis>
				<ValorCofins>0.00</ValorCofins>
				<ValorInss>0.00</ValorInss>
				<ValorIr>0.00</ValorIr>
				<ValorCsll>0.00</ValorCsll>
				<IssRetido>2</IssRetido>
				<ValorIss>0.00</ValorIss>
				<ValorIssRetido>0.00</ValorIssRetido>
				<OutrasRetencoes>0.00</OutrasRetencoes>
				<BaseCalculo>1210.00</BaseCalculo>
				<Aliquota>0.0000</Aliquota>
				<ValorLiquidoNfse>1210.00</ValorLiquidoNfse>
				<DescontoIncondicionado>0.00</DescontoIncondicionado>
				<DescontoCondicionado>0.00</DescontoCondicionado>
			</Valores>
			<ItemListaServico>403</ItemListaServico>
			
			<CodigoTributacaoMunicipio>403</CodigoTributacaoMunicipio>
			<Discriminacao>TRATAMENTO ESTÉTICO – CARGA TRIBUTÁRIA MÉDIA 
NACIONAL FEDERAL 13,45% = R$162,74
MUNICIPAL  2,05% = R$24,80
</Discriminacao>
			<CodigoMunicipio>4304606</CodigoMunicipio>
		</Servico>
		<ValorCredito>0.00</ValorCredito>
		<PrestadorServico>
			<IdentificacaoPrestador>
				<Cnpj>10720533000100</Cnpj>
				<InscricaoMunicipal>72061</InscricaoMunicipal>
			</IdentificacaoPrestador>
			<RazaoSocial>BHEM ODONTOLOGIA LTDA</RazaoSocial>
			<NomeFantasia>BHEM ODONTOLOGIA LTDA</NomeFantasia>
			<Endereco>
				<Endereco>RUA MATHIAS VELHO</Endereco>
				<Numero>266</Numero>
				<Complemento/>
				<Bairro>CENTRO</Bairro>
				<CodigoMunicipio>4304606</CodigoMunicipio>
				<Uf>RS</Uf>
				<Cep>92310300</Cep>
			</Endereco>
			<Contato>
				<Telefone>5130599088</Telefone>
				<Email>bhemodontologia@gmail.com</Email>
			</Contato>
		</PrestadorServico>
		<TomadorServico>
			<IdentificacaoTomador>
				<CpfCnpj>
					<Cpf>47620714049</Cpf>
					<Cnpj/>
				</CpfCnpj>
				<InscricaoMunicipal>0</InscricaoMunicipal>
			</IdentificacaoTomador>
			<RazaoSocial>MARIA MARLENE VERÇOSA</RazaoSocial>
			<Endereco>
				<Endereco/>
				<Numero/>
				<Complemento/>
				<Bairro/>
				<CodigoMunicipio>4304606</CodigoMunicipio>
				<Uf>RS</Uf>
				<Cep>0</Cep>
			</Endereco>
			<Contato>
				<Telefone/>
				<Email/>
			</Contato>
		</TomadorServico>
		<OrgaoGerador>
			<CodigoMunicipio>4304606</CodigoMunicipio>
			<Uf>RS</Uf>
		</OrgaoGerador>
	</InfNfse>
	
</Nfse>
</CompNfse>

<CompNfse>
<Nfse>
	<InfNfse id="9013">
		<Numero>9013</Numero>
		<Serie/>
		<Tipo/>
		<CodigoVerificacao>1A8E.94DF.40F6</CodigoVerificacao>
		<DataEmissao>2019-05-09T17:14:09</DataEmissao>
		<IdentificacaoRps>
			<Numero>0</Numero>
			<Serie/>
			<Tipo>0</Tipo>
		</IdentificacaoRps>
		<DataEmissaoRps>0000-00-00</DataEmissaoRps>
		<NaturezaOperacao>1</NaturezaOperacao>
		
		<OptanteSimplesNacional>1</OptanteSimplesNacional>
		<IncentivadorCultural>2</IncentivadorCultural>
		<Competencia>2019-05-09</Competencia>
		
		<OutrasInformacoes>TRATAMENTO ESTÉTICO – CARGA TRIBUTÁRIA MÉDIA 
NACIONAL FEDERAL 13,45% = R$174,85
MUNICIPAL  2,05% = R$26,65
</OutrasInformacoes>
		<Servico>
			<Valores>
				<ValorServicos>1300.00</ValorServicos>
				<ValorDeducoes>0.00</ValorDeducoes>
				<ValorPis>0.00</ValorPis>
				<ValorCofins>0.00</ValorCofins>
				<ValorInss>0.00</ValorInss>
				<ValorIr>0.00</ValorIr>
				<ValorCsll>0.00</ValorCsll>
				<IssRetido>2</IssRetido>
				<ValorIss>0.00</ValorIss>
				<ValorIssRetido>0.00</ValorIssRetido>
				<OutrasRetencoes>0.00</OutrasRetencoes>
				<BaseCalculo>1300.00</BaseCalculo>
				<Aliquota>0.0000</Aliquota>
				<ValorLiquidoNfse>1300.00</ValorLiquidoNfse>
				<DescontoIncondicionado>0.00</DescontoIncondicionado>
				<DescontoCondicionado>0.00</DescontoCondicionado>
			</Valores>
			<ItemListaServico>403</ItemListaServico>
			
			<CodigoTributacaoMunicipio>403</CodigoTributacaoMunicipio>
			<Discriminacao>TRATAMENTO ESTÉTICO – CARGA TRIBUTÁRIA MÉDIA 
NACIONAL FEDERAL 13,45% = R$174,85
MUNICIPAL  2,05% = R$26,65
</Discriminacao>
			<CodigoMunicipio>4304606</CodigoMunicipio>
		</Servico>
		<ValorCredito>0.00</ValorCredito>
		<PrestadorServico>
			<IdentificacaoPrestador>
				<Cnpj>10720533000100</Cnpj>
				<InscricaoMunicipal>72061</InscricaoMunicipal>
			</IdentificacaoPrestador>
			<RazaoSocial>BHEM ODONTOLOGIA LTDA</RazaoSocial>
			<NomeFantasia>BHEM ODONTOLOGIA LTDA</NomeFantasia>
			<Endereco>
				<Endereco>RUA MATHIAS VELHO</Endereco>
				<Numero>266</Numero>
				<Complemento/>
				<Bairro>CENTRO</Bairro>
				<CodigoMunicipio>4304606</CodigoMunicipio>
				<Uf>RS</Uf>
				<Cep>92310300</Cep>
			</Endereco>
			<Contato>
				<Telefone>5130599088</Telefone>
				<Email>bhemodontologia@gmail.com</Email>
			</Contato>
		</PrestadorServico>
		<TomadorServico>
			<IdentificacaoTomador>
				<CpfCnpj>
					<Cpf>48516724034</Cpf>
					<Cnpj/>
				</CpfCnpj>
				<InscricaoMunicipal>0</InscricaoMunicipal>
			</IdentificacaoTomador>
			<RazaoSocial>SONIA REGINA OLIVEIRA DOS SANTOS</RazaoSocial>
			<Endereco>
				<Endereco/>
				<Numero/>
				<Complemento/>
				<Bairro/>
				<CodigoMunicipio>4304606</CodigoMunicipio>
				<Uf>RS</Uf>
				<Cep>0</Cep>
			</Endereco>
			<Contato>
				<Telefone/>
				<Email/>
			</Contato>
		</TomadorServico>
		<OrgaoGerador>
			<CodigoMunicipio>4304606</CodigoMunicipio>
			<Uf>RS</Uf>
		</OrgaoGerador>
	</InfNfse>
	
</Nfse>
</CompNfse>

<CompNfse>
<Nfse>
	<InfNfse id="9014">
		<Numero>9014</Numero>
		<Serie/>
		<Tipo/>
		<CodigoVerificacao>D0DD.B762.7D56</CodigoVerificacao>
		<DataEmissao>2019-05-09T17:28:57</DataEmissao>
		<IdentificacaoRps>
			<Numero>0</Numero>
			<Serie/>
			<Tipo>0</Tipo>
		</IdentificacaoRps>
		<DataEmissaoRps>0000-00-00</DataEmissaoRps>
		<NaturezaOperacao>1</NaturezaOperacao>
		
		<OptanteSimplesNacional>1</OptanteSimplesNacional>
		<IncentivadorCultural>2</IncentivadorCultural>
		<Competencia>2019-05-09</Competencia>
		
		<OutrasInformacoes>TRATAMENTO ESTÉTICO – CARGA TRIBUTÁRIA MÉDIA 
NACIONAL FEDERAL 13,45% = R$174,85
MUNICIPAL  2,05% = R$26,65
</OutrasInformacoes>
		<Servico>
			<Valores>
				<ValorServicos>1300.00</ValorServicos>
				<ValorDeducoes>0.00</ValorDeducoes>
				<ValorPis>0.00</ValorPis>
				<ValorCofins>0.00</ValorCofins>
				<ValorInss>0.00</ValorInss>
				<ValorIr>0.00</ValorIr>
				<ValorCsll>0.00</ValorCsll>
				<IssRetido>2</IssRetido>
				<ValorIss>0.00</ValorIss>
				<ValorIssRetido>0.00</ValorIssRetido>
				<OutrasRetencoes>0.00</OutrasRetencoes>
				<BaseCalculo>1300.00</BaseCalculo>
				<Aliquota>0.0000</Aliquota>
				<ValorLiquidoNfse>1300.00</ValorLiquidoNfse>
				<DescontoIncondicionado>0.00</DescontoIncondicionado>
				<DescontoCondicionado>0.00</DescontoCondicionado>
			</Valores>
			<ItemListaServico>403</ItemListaServico>
			
			<CodigoTributacaoMunicipio>403</CodigoTributacaoMunicipio>
			<Discriminacao>TRATAMENTO ESTÉTICO – CARGA TRIBUTÁRIA MÉDIA 
NACIONAL FEDERAL 13,45% = R$174,85
MUNICIPAL  2,05% = R$26,65
</Discriminacao>
			<CodigoMunicipio>4304606</CodigoMunicipio>
		</Servico>
		<ValorCredito>0.00</ValorCredito>
		<PrestadorServico>
			<IdentificacaoPrestador>
				<Cnpj>10720533000100</Cnpj>
				<InscricaoMunicipal>72061</InscricaoMunicipal>
			</IdentificacaoPrestador>
			<RazaoSocial>BHEM ODONTOLOGIA LTDA</RazaoSocial>
			<NomeFantasia>BHEM ODONTOLOGIA LTDA</NomeFantasia>
			<Endereco>
				<Endereco>RUA MATHIAS VELHO</Endereco>
				<Numero>266</Numero>
				<Complemento/>
				<Bairro>CENTRO</Bairro>
				<CodigoMunicipio>4304606</CodigoMunicipio>
				<Uf>RS</Uf>
				<Cep>92310300</Cep>
			</Endereco>
			<Contato>
				<Telefone>5130599088</Telefone>
				<Email>bhemodontologia@gmail.com</Email>
			</Contato>
		</PrestadorServico>
		<TomadorServico>
			<IdentificacaoTomador>
				<CpfCnpj>
					<Cpf>31360386904</Cpf>
					<Cnpj/>
				</CpfCnpj>
				<InscricaoMunicipal>0</InscricaoMunicipal>
			</IdentificacaoTomador>
			<RazaoSocial>MARIA DA GRAÇA PACHECO MACIEL</RazaoSocial>
			<Endereco>
				<Endereco/>
				<Numero/>
				<Complemento/>
				<Bairro/>
				<CodigoMunicipio>4304606</CodigoMunicipio>
				<Uf>RS</Uf>
				<Cep>0</Cep>
			</Endereco>
			<Contato>
				<Telefone/>
				<Email/>
			</Contato>
		</TomadorServico>
		<OrgaoGerador>
			<CodigoMunicipio>4304606</CodigoMunicipio>
			<Uf>RS</Uf>
		</OrgaoGerador>
	</InfNfse>
	
</Nfse>
</CompNfse>

<CompNfse>
<Nfse>
	<InfNfse id="9015">
		<Numero>9015</Numero>
		<Serie/>
		<Tipo/>
		<CodigoVerificacao>E06E.391F.F4F8</CodigoVerificacao>
		<DataEmissao>2019-05-09T18:14:06</DataEmissao>
		<IdentificacaoRps>
			<Numero>0</Numero>
			<Serie/>
			<Tipo>0</Tipo>
		</IdentificacaoRps>
		<DataEmissaoRps>0000-00-00</DataEmissaoRps>
		<NaturezaOperacao>1</NaturezaOperacao>
		
		<OptanteSimplesNacional>1</OptanteSimplesNacional>
		<IncentivadorCultural>2</IncentivadorCultural>
		<Competencia>2019-05-09</Competencia>
		
		<OutrasInformacoes>TRATAMENTO ESTÉTICO – CARGA TRIBUTÁRIA MÉDIA 
NACIONAL FEDERAL 13,45% = R$162,74
MUNICIPAL  2,05% = R$24,80
</OutrasInformacoes>
		<Servico>
			<Valores>
				<ValorServicos>1210.00</ValorServicos>
				<ValorDeducoes>0.00</ValorDeducoes>
				<ValorPis>0.00</ValorPis>
				<ValorCofins>0.00</ValorCofins>
				<ValorInss>0.00</ValorInss>
				<ValorIr>0.00</ValorIr>
				<ValorCsll>0.00</ValorCsll>
				<IssRetido>2</IssRetido>
				<ValorIss>0.00</ValorIss>
				<ValorIssRetido>0.00</ValorIssRetido>
				<OutrasRetencoes>0.00</OutrasRetencoes>
				<BaseCalculo>1210.00</BaseCalculo>
				<Aliquota>0.0000</Aliquota>
				<ValorLiquidoNfse>1210.00</ValorLiquidoNfse>
				<DescontoIncondicionado>0.00</DescontoIncondicionado>
				<DescontoCondicionado>0.00</DescontoCondicionado>
			</Valores>
			<ItemListaServico>403</ItemListaServico>
			
			<CodigoTributacaoMunicipio>403</CodigoTributacaoMunicipio>
			<Discriminacao>TRATAMENTO ESTÉTICO – CARGA TRIBUTÁRIA MÉDIA 
NACIONAL FEDERAL 13,45% = R$162,74
MUNICIPAL  2,05% = R$24,80
</Discriminacao>
			<CodigoMunicipio>4304606</CodigoMunicipio>
		</Servico>
		<ValorCredito>0.00</ValorCredito>
		<PrestadorServico>
			<IdentificacaoPrestador>
				<Cnpj>10720533000100</Cnpj>
				<InscricaoMunicipal>72061</InscricaoMunicipal>
			</IdentificacaoPrestador>
			<RazaoSocial>BHEM ODONTOLOGIA LTDA</RazaoSocial>
			<NomeFantasia>BHEM ODONTOLOGIA LTDA</NomeFantasia>
			<Endereco>
				<Endereco>RUA MATHIAS VELHO</Endereco>
				<Numero>266</Numero>
				<Complemento/>
				<Bairro>CENTRO</Bairro>
				<CodigoMunicipio>4304606</CodigoMunicipio>
				<Uf>RS</Uf>
				<Cep>92310300</Cep>
			</Endereco>
			<Contato>
				<Telefone>5130599088</Telefone>
				<Email>bhemodontologia@gmail.com</Email>
			</Contato>
		</PrestadorServico>
		<TomadorServico>
			<IdentificacaoTomador>
				<CpfCnpj>
					<Cpf>00173062059</Cpf>
					<Cnpj/>
				</CpfCnpj>
				<InscricaoMunicipal>0</InscricaoMunicipal>
			</IdentificacaoTomador>
			<RazaoSocial>RAQUEL DA ROSA CORDOVA</RazaoSocial>
			<Endereco>
				<Endereco/>
				<Numero/>
				<Complemento/>
				<Bairro/>
				<CodigoMunicipio>4304606</CodigoMunicipio>
				<Uf>RS</Uf>
				<Cep>0</Cep>
			</Endereco>
			<Contato>
				<Telefone/>
				<Email/>
			</Contato>
		</TomadorServico>
		<OrgaoGerador>
			<CodigoMunicipio>4304606</CodigoMunicipio>
			<Uf>RS</Uf>
		</OrgaoGerador>
	</InfNfse>
	
</Nfse>
</CompNfse>

<CompNfse>
<Nfse>
	<InfNfse id="9016">
		<Numero>9016</Numero>
		<Serie/>
		<Tipo/>
		<CodigoVerificacao>6F90.2FE2.E7E6</CodigoVerificacao>
		<DataEmissao>2019-05-10T14:00:48</DataEmissao>
		<IdentificacaoRps>
			<Numero>0</Numero>
			<Serie/>
			<Tipo>0</Tipo>
		</IdentificacaoRps>
		<DataEmissaoRps>0000-00-00</DataEmissaoRps>
		<NaturezaOperacao>1</NaturezaOperacao>
		
		<OptanteSimplesNacional>1</OptanteSimplesNacional>
		<IncentivadorCultural>2</IncentivadorCultural>
		<Competencia>2019-05-10</Competencia>
		
		<OutrasInformacoes>TRATAMENTO ESTÉTICO – CARGA TRIBUTÁRIA MÉDIA 
NACIONAL FEDERAL 13,45% = R$466,98
MUNICIPAL  2,05% = R$71,17
</OutrasInformacoes>
		<Servico>
			<Valores>
				<ValorServicos>3472.00</ValorServicos>
				<ValorDeducoes>0.00</ValorDeducoes>
				<ValorPis>0.00</ValorPis>
				<ValorCofins>0.00</ValorCofins>
				<ValorInss>0.00</ValorInss>
				<ValorIr>0.00</ValorIr>
				<ValorCsll>0.00</ValorCsll>
				<IssRetido>2</IssRetido>
				<ValorIss>0.00</ValorIss>
				<ValorIssRetido>0.00</ValorIssRetido>
				<OutrasRetencoes>0.00</OutrasRetencoes>
				<BaseCalculo>3472.00</BaseCalculo>
				<Aliquota>0.0000</Aliquota>
				<ValorLiquidoNfse>3472.00</ValorLiquidoNfse>
				<DescontoIncondicionado>0.00</DescontoIncondicionado>
				<DescontoCondicionado>0.00</DescontoCondicionado>
			</Valores>
			<ItemListaServico>403</ItemListaServico>
			
			<CodigoTributacaoMunicipio>403</CodigoTributacaoMunicipio>
			<Discriminacao>TRATAMENTO ESTÉTICO – CARGA TRIBUTÁRIA MÉDIA 
NACIONAL FEDERAL 13,45% = R$466,98
MUNICIPAL  2,05% = R$71,17
</Discriminacao>
			<CodigoMunicipio>4304606</CodigoMunicipio>
		</Servico>
		<ValorCredito>0.00</ValorCredito>
		<PrestadorServico>
			<IdentificacaoPrestador>
				<Cnpj>10720533000100</Cnpj>
				<InscricaoMunicipal>72061</InscricaoMunicipal>
			</IdentificacaoPrestador>
			<RazaoSocial>BHEM ODONTOLOGIA LTDA</RazaoSocial>
			<NomeFantasia>BHEM ODONTOLOGIA LTDA</NomeFantasia>
			<Endereco>
				<Endereco>RUA MATHIAS VELHO</Endereco>
				<Numero>266</Numero>
				<Complemento/>
				<Bairro>CENTRO</Bairro>
				<CodigoMunicipio>4304606</CodigoMunicipio>
				<Uf>RS</Uf>
				<Cep>92310300</Cep>
			</Endereco>
			<Contato>
				<Telefone>5130599088</Telefone>
				<Email>bhemodontologia@gmail.com</Email>
			</Contato>
		</PrestadorServico>
		<TomadorServico>
			<IdentificacaoTomador>
				<CpfCnpj>
					<Cpf>49916343004</Cpf>
					<Cnpj/>
				</CpfCnpj>
				<InscricaoMunicipal>0</InscricaoMunicipal>
			</IdentificacaoTomador>
			<RazaoSocial>FAUSTINA RIBEIRO DE OLIVEIRA</RazaoSocial>
			<Endereco>
				<Endereco/>
				<Numero/>
				<Complemento/>
				<Bairro/>
				<CodigoMunicipio>4304606</CodigoMunicipio>
				<Uf>RS</Uf>
				<Cep>0</Cep>
			</Endereco>
			<Contato>
				<Telefone/>
				<Email/>
			</Contato>
		</TomadorServico>
		<OrgaoGerador>
			<CodigoMunicipio>4304606</CodigoMunicipio>
			<Uf>RS</Uf>
		</OrgaoGerador>
	</InfNfse>
	
</Nfse>
</CompNfse>

<CompNfse>
<Nfse>
	<InfNfse id="9017">
		<Numero>9017</Numero>
		<Serie/>
		<Tipo/>
		<CodigoVerificacao>FC5C.7164.788C</CodigoVerificacao>
		<DataEmissao>2019-05-10T17:55:12</DataEmissao>
		<IdentificacaoRps>
			<Numero>0</Numero>
			<Serie/>
			<Tipo>0</Tipo>
		</IdentificacaoRps>
		<DataEmissaoRps>0000-00-00</DataEmissaoRps>
		<NaturezaOperacao>1</NaturezaOperacao>
		
		<OptanteSimplesNacional>1</OptanteSimplesNacional>
		<IncentivadorCultural>2</IncentivadorCultural>
		<Competencia>2019-05-10</Competencia>
		
		<OutrasInformacoes>TRATAMENTO ODONTOLÓGICO – CARGA TRIBUTÁRIA MÉDIA 
NACIONAL FEDERAL 13,45% = R$36,31
MUNICIPAL  2,05% = R$5,53
</OutrasInformacoes>
		<Servico>
			<Valores>
				<ValorServicos>270.00</ValorServicos>
				<ValorDeducoes>0.00</ValorDeducoes>
				<ValorPis>0.00</ValorPis>
				<ValorCofins>0.00</ValorCofins>
				<ValorInss>0.00</ValorInss>
				<ValorIr>0.00</ValorIr>
				<ValorCsll>0.00</ValorCsll>
				<IssRetido>2</IssRetido>
				<ValorIss>0.00</ValorIss>
				<ValorIssRetido>0.00</ValorIssRetido>
				<OutrasRetencoes>0.00</OutrasRetencoes>
				<BaseCalculo>270.00</BaseCalculo>
				<Aliquota>0.0000</Aliquota>
				<ValorLiquidoNfse>270.00</ValorLiquidoNfse>
				<DescontoIncondicionado>0.00</DescontoIncondicionado>
				<DescontoCondicionado>0.00</DescontoCondicionado>
			</Valores>
			<ItemListaServico>403</ItemListaServico>
			
			<CodigoTributacaoMunicipio>403</CodigoTributacaoMunicipio>
			<Discriminacao>TRATAMENTO ODONTOLÓGICO – CARGA TRIBUTÁRIA MÉDIA 
NACIONAL FEDERAL 13,45% = R$36,31
MUNICIPAL  2,05% = R$5,53
</Discriminacao>
			<CodigoMunicipio>4304606</CodigoMunicipio>
		</Servico>
		<ValorCredito>0.00</ValorCredito>
		<PrestadorServico>
			<IdentificacaoPrestador>
				<Cnpj>10720533000100</Cnpj>
				<InscricaoMunicipal>72061</InscricaoMunicipal>
			</IdentificacaoPrestador>
			<RazaoSocial>BHEM ODONTOLOGIA LTDA</RazaoSocial>
			<NomeFantasia>BHEM ODONTOLOGIA LTDA</NomeFantasia>
			<Endereco>
				<Endereco>RUA MATHIAS VELHO</Endereco>
				<Numero>266</Numero>
				<Complemento/>
				<Bairro>CENTRO</Bairro>
				<CodigoMunicipio>4304606</CodigoMunicipio>
				<Uf>RS</Uf>
				<Cep>92310300</Cep>
			</Endereco>
			<Contato>
				<Telefone>5130599088</Telefone>
				<Email>bhemodontologia@gmail.com</Email>
			</Contato>
		</PrestadorServico>
		<TomadorServico>
			<IdentificacaoTomador>
				<CpfCnpj>
					<Cpf>85592773072</Cpf>
					<Cnpj/>
				</CpfCnpj>
				<InscricaoMunicipal>0</InscricaoMunicipal>
			</IdentificacaoTomador>
			<RazaoSocial>EDUARDO DE CASTRO FISCHER</RazaoSocial>
			<Endereco>
				<Endereco/>
				<Numero/>
				<Complemento/>
				<Bairro/>
				<CodigoMunicipio>4304606</CodigoMunicipio>
				<Uf>RS</Uf>
				<Cep>0</Cep>
			</Endereco>
			<Contato>
				<Telefone/>
				<Email/>
			</Contato>
		</TomadorServico>
		<OrgaoGerador>
			<CodigoMunicipio>4304606</CodigoMunicipio>
			<Uf>RS</Uf>
		</OrgaoGerador>
	</InfNfse>
	
</Nfse>
</CompNfse>

<CompNfse>
<Nfse>
	<InfNfse id="9018">
		<Numero>9018</Numero>
		<Serie/>
		<Tipo/>
		<CodigoVerificacao>E8D9.2E95.C8B7</CodigoVerificacao>
		<DataEmissao>2019-05-13T11:00:56</DataEmissao>
		<IdentificacaoRps>
			<Numero>0</Numero>
			<Serie/>
			<Tipo>0</Tipo>
		</IdentificacaoRps>
		<DataEmissaoRps>0000-00-00</DataEmissaoRps>
		<NaturezaOperacao>1</NaturezaOperacao>
		
		<OptanteSimplesNacional>1</OptanteSimplesNacional>
		<IncentivadorCultural>2</IncentivadorCultural>
		<Competencia>2019-05-13</Competencia>
		
		<OutrasInformacoes>TRATAMENTO ODONTOLÓGICO – CARGA TRIBUTÁRIA MÉDIA 
NACIONAL FEDERAL 13,45% = R$10,76
MUNICIPAL  2,05% = R$1,64
</OutrasInformacoes>
		<Servico>
			<Valores>
				<ValorServicos>80.00</ValorServicos>
				<ValorDeducoes>0.00</ValorDeducoes>
				<ValorPis>0.00</ValorPis>
				<ValorCofins>0.00</ValorCofins>
				<ValorInss>0.00</ValorInss>
				<ValorIr>0.00</ValorIr>
				<ValorCsll>0.00</ValorCsll>
				<IssRetido>2</IssRetido>
				<ValorIss>0.00</ValorIss>
				<ValorIssRetido>0.00</ValorIssRetido>
				<OutrasRetencoes>0.00</OutrasRetencoes>
				<BaseCalculo>80.00</BaseCalculo>
				<Aliquota>0.0000</Aliquota>
				<ValorLiquidoNfse>80.00</ValorLiquidoNfse>
				<DescontoIncondicionado>0.00</DescontoIncondicionado>
				<DescontoCondicionado>0.00</DescontoCondicionado>
			</Valores>
			<ItemListaServico>403</ItemListaServico>
			
			<CodigoTributacaoMunicipio>403</CodigoTributacaoMunicipio>
			<Discriminacao>TRATAMENTO ODONTOLÓGICO – CARGA TRIBUTÁRIA MÉDIA 
NACIONAL FEDERAL 13,45% = R$10,76
MUNICIPAL  2,05% = R$1,64
</Discriminacao>
			<CodigoMunicipio>4304606</CodigoMunicipio>
		</Servico>
		<ValorCredito>0.00</ValorCredito>
		<PrestadorServico>
			<IdentificacaoPrestador>
				<Cnpj>10720533000100</Cnpj>
				<InscricaoMunicipal>72061</InscricaoMunicipal>
			</IdentificacaoPrestador>
			<RazaoSocial>BHEM ODONTOLOGIA LTDA</RazaoSocial>
			<NomeFantasia>BHEM ODONTOLOGIA LTDA</NomeFantasia>
			<Endereco>
				<Endereco>RUA MATHIAS VELHO</Endereco>
				<Numero>266</Numero>
				<Complemento/>
				<Bairro>CENTRO</Bairro>
				<CodigoMunicipio>4304606</CodigoMunicipio>
				<Uf>RS</Uf>
				<Cep>92310300</Cep>
			</Endereco>
			<Contato>
				<Telefone>5130599088</Telefone>
				<Email>bhemodontologia@gmail.com</Email>
			</Contato>
		</PrestadorServico>
		<TomadorServico>
			<IdentificacaoTomador>
				<CpfCnpj>
					<Cpf>43343520063</Cpf>
					<Cnpj/>
				</CpfCnpj>
				<InscricaoMunicipal>0</InscricaoMunicipal>
			</IdentificacaoTomador>
			<RazaoSocial>LUZINEA DA SILVEIRA REIS</RazaoSocial>
			<Endereco>
				<Endereco/>
				<Numero/>
				<Complemento/>
				<Bairro/>
				<CodigoMunicipio>4304606</CodigoMunicipio>
				<Uf>RS</Uf>
				<Cep>0</Cep>
			</Endereco>
			<Contato>
				<Telefone/>
				<Email/>
			</Contato>
		</TomadorServico>
		<OrgaoGerador>
			<CodigoMunicipio>4304606</CodigoMunicipio>
			<Uf>RS</Uf>
		</OrgaoGerador>
	</InfNfse>
	
</Nfse>
</CompNfse>

<CompNfse>
<Nfse>
	<InfNfse id="9019">
		<Numero>9019</Numero>
		<Serie/>
		<Tipo/>
		<CodigoVerificacao>8CD6.332A.825F</CodigoVerificacao>
		<DataEmissao>2019-05-13T11:05:33</DataEmissao>
		<IdentificacaoRps>
			<Numero>0</Numero>
			<Serie/>
			<Tipo>0</Tipo>
		</IdentificacaoRps>
		<DataEmissaoRps>0000-00-00</DataEmissaoRps>
		<NaturezaOperacao>1</NaturezaOperacao>
		
		<OptanteSimplesNacional>1</OptanteSimplesNacional>
		<IncentivadorCultural>2</IncentivadorCultural>
		<Competencia>2019-05-13</Competencia>
		
		<OutrasInformacoes>TRATAMENTO ODONTOLÓGICO – CARGA TRIBUTÁRIA MÉDIA 
NACIONAL FEDERAL 13,45% = R$10,76
MUNICIPAL  2,05% = R$1,64
</OutrasInformacoes>
		<Servico>
			<Valores>
				<ValorServicos>80.00</ValorServicos>
				<ValorDeducoes>0.00</ValorDeducoes>
				<ValorPis>0.00</ValorPis>
				<ValorCofins>0.00</ValorCofins>
				<ValorInss>0.00</ValorInss>
				<ValorIr>0.00</ValorIr>
				<ValorCsll>0.00</ValorCsll>
				<IssRetido>2</IssRetido>
				<ValorIss>0.00</ValorIss>
				<ValorIssRetido>0.00</ValorIssRetido>
				<OutrasRetencoes>0.00</OutrasRetencoes>
				<BaseCalculo>80.00</BaseCalculo>
				<Aliquota>0.0000</Aliquota>
				<ValorLiquidoNfse>80.00</ValorLiquidoNfse>
				<DescontoIncondicionado>0.00</DescontoIncondicionado>
				<DescontoCondicionado>0.00</DescontoCondicionado>
			</Valores>
			<ItemListaServico>403</ItemListaServico>
			
			<CodigoTributacaoMunicipio>403</CodigoTributacaoMunicipio>
			<Discriminacao>TRATAMENTO ODONTOLÓGICO – CARGA TRIBUTÁRIA MÉDIA 
NACIONAL FEDERAL 13,45% = R$10,76
MUNICIPAL  2,05% = R$1,64
</Discriminacao>
			<CodigoMunicipio>4304606</CodigoMunicipio>
		</Servico>
		<ValorCredito>0.00</ValorCredito>
		<PrestadorServico>
			<IdentificacaoPrestador>
				<Cnpj>10720533000100</Cnpj>
				<InscricaoMunicipal>72061</InscricaoMunicipal>
			</IdentificacaoPrestador>
			<RazaoSocial>BHEM ODONTOLOGIA LTDA</RazaoSocial>
			<NomeFantasia>BHEM ODONTOLOGIA LTDA</NomeFantasia>
			<Endereco>
				<Endereco>RUA MATHIAS VELHO</Endereco>
				<Numero>266</Numero>
				<Complemento/>
				<Bairro>CENTRO</Bairro>
				<CodigoMunicipio>4304606</CodigoMunicipio>
				<Uf>RS</Uf>
				<Cep>92310300</Cep>
			</Endereco>
			<Contato>
				<Telefone>5130599088</Telefone>
				<Email>bhemodontologia@gmail.com</Email>
			</Contato>
		</PrestadorServico>
		<TomadorServico>
			<IdentificacaoTomador>
				<CpfCnpj>
					<Cpf>04323291027</Cpf>
					<Cnpj/>
				</CpfCnpj>
				<InscricaoMunicipal>0</InscricaoMunicipal>
			</IdentificacaoTomador>
			<RazaoSocial>LUCAS DA SILVA LAMB CORREA</RazaoSocial>
			<Endereco>
				<Endereco/>
				<Numero/>
				<Complemento/>
				<Bairro/>
				<CodigoMunicipio>4304606</CodigoMunicipio>
				<Uf>RS</Uf>
				<Cep>0</Cep>
			</Endereco>
			<Contato>
				<Telefone/>
				<Email/>
			</Contato>
		</TomadorServico>
		<OrgaoGerador>
			<CodigoMunicipio>4304606</CodigoMunicipio>
			<Uf>RS</Uf>
		</OrgaoGerador>
	</InfNfse>
	
</Nfse>
</CompNfse>

<CompNfse>
<Nfse>
	<InfNfse id="9020">
		<Numero>9020</Numero>
		<Serie/>
		<Tipo/>
		<CodigoVerificacao>8840.4738.B3B7</CodigoVerificacao>
		<DataEmissao>2019-05-14T09:06:36</DataEmissao>
		<IdentificacaoRps>
			<Numero>0</Numero>
			<Serie/>
			<Tipo>0</Tipo>
		</IdentificacaoRps>
		<DataEmissaoRps>0000-00-00</DataEmissaoRps>
		<NaturezaOperacao>1</NaturezaOperacao>
		
		<OptanteSimplesNacional>1</OptanteSimplesNacional>
		<IncentivadorCultural>2</IncentivadorCultural>
		<Competencia>2019-05-14</Competencia>
		
		<OutrasInformacoes>TRATAMENTO ODONTOLÓGICO – CARGA TRIBUTÁRIA MÉDIA 
NACIONAL FEDERAL 13,45% = R$213,85
MUNICIPAL  2,05% = R$32,59
 NOTA CANCELADA EM: 14/05/2019</OutrasInformacoes>
		<Servico>
			<Valores>
				<ValorServicos>1590.00</ValorServicos>
				<ValorDeducoes>0.00</ValorDeducoes>
				<ValorPis>0.00</ValorPis>
				<ValorCofins>0.00</ValorCofins>
				<ValorInss>0.00</ValorInss>
				<ValorIr>0.00</ValorIr>
				<ValorCsll>0.00</ValorCsll>
				<IssRetido>2</IssRetido>
				<ValorIss>0.00</ValorIss>
				<ValorIssRetido>0.00</ValorIssRetido>
				<OutrasRetencoes>0.00</OutrasRetencoes>
				<BaseCalculo>1590.00</BaseCalculo>
				<Aliquota>0.0000</Aliquota>
				<ValorLiquidoNfse>1590.00</ValorLiquidoNfse>
				<DescontoIncondicionado>0.00</DescontoIncondicionado>
				<DescontoCondicionado>0.00</DescontoCondicionado>
			</Valores>
			<ItemListaServico>403</ItemListaServico>
			
			<CodigoTributacaoMunicipio>403</CodigoTributacaoMunicipio>
			<Discriminacao>TRATAMENTO ODONTOLÓGICO – CARGA TRIBUTÁRIA MÉDIA 
NACIONAL FEDERAL 13,45% = R$213,85
MUNICIPAL  2,05% = R$32,59
</Discriminacao>
			<CodigoMunicipio>4304606</CodigoMunicipio>
		</Servico>
		<ValorCredito>0.00</ValorCredito>
		<PrestadorServico>
			<IdentificacaoPrestador>
				<Cnpj>10720533000100</Cnpj>
				<InscricaoMunicipal>72061</InscricaoMunicipal>
			</IdentificacaoPrestador>
			<RazaoSocial>BHEM ODONTOLOGIA LTDA</RazaoSocial>
			<NomeFantasia>BHEM ODONTOLOGIA LTDA</NomeFantasia>
			<Endereco>
				<Endereco>RUA MATHIAS VELHO</Endereco>
				<Numero>266</Numero>
				<Complemento/>
				<Bairro>CENTRO</Bairro>
				<CodigoMunicipio>4304606</CodigoMunicipio>
				<Uf>RS</Uf>
				<Cep>92310300</Cep>
			</Endereco>
			<Contato>
				<Telefone>5130599088</Telefone>
				<Email>bhemodontologia@gmail.com</Email>
			</Contato>
		</PrestadorServico>
		<TomadorServico>
			<IdentificacaoTomador>
				<CpfCnpj>
					<Cpf>43266428072</Cpf>
					<Cnpj/>
				</CpfCnpj>
				<InscricaoMunicipal>0</InscricaoMunicipal>
			</IdentificacaoTomador>
			<RazaoSocial>REJANE VARGAS</RazaoSocial>
			<Endereco>
				<Endereco/>
				<Numero/>
				<Complemento/>
				<Bairro/>
				<CodigoMunicipio>4304606</CodigoMunicipio>
				<Uf>RS</Uf>
				<Cep>0</Cep>
			</Endereco>
			<Contato>
				<Telefone/>
				<Email/>
			</Contato>
		</TomadorServico>
		<OrgaoGerador>
			<CodigoMunicipio>4304606</CodigoMunicipio>
			<Uf>RS</Uf>
		</OrgaoGerador>
	</InfNfse>
	
</Nfse>
</CompNfse>

<CompNfse>
<Nfse>
	<InfNfse id="9021">
		<Numero>9021</Numero>
		<Serie/>
		<Tipo/>
		<CodigoVerificacao>5CEA.3C80.A6ED</CodigoVerificacao>
		<DataEmissao>2019-05-14T09:08:14</DataEmissao>
		<IdentificacaoRps>
			<Numero>0</Numero>
			<Serie/>
			<Tipo>0</Tipo>
		</IdentificacaoRps>
		<DataEmissaoRps>0000-00-00</DataEmissaoRps>
		<NaturezaOperacao>1</NaturezaOperacao>
		
		<OptanteSimplesNacional>1</OptanteSimplesNacional>
		<IncentivadorCultural>2</IncentivadorCultural>
		<Competencia>2019-05-14</Competencia>
		
		<OutrasInformacoes>TRATAMENTO ESTÉTICO – CARGA TRIBUTÁRIA MÉDIA 
NACIONAL FEDERAL 13,45% = R$213,85
MUNICIPAL  2,05% = R$32,59
</OutrasInformacoes>
		<Servico>
			<Valores>
				<ValorServicos>1590.00</ValorServicos>
				<ValorDeducoes>0.00</ValorDeducoes>
				<ValorPis>0.00</ValorPis>
				<ValorCofins>0.00</ValorCofins>
				<ValorInss>0.00</ValorInss>
				<ValorIr>0.00</ValorIr>
				<ValorCsll>0.00</ValorCsll>
				<IssRetido>2</IssRetido>
				<ValorIss>0.00</ValorIss>
				<ValorIssRetido>0.00</ValorIssRetido>
				<OutrasRetencoes>0.00</OutrasRetencoes>
				<BaseCalculo>1590.00</BaseCalculo>
				<Aliquota>0.0000</Aliquota>
				<ValorLiquidoNfse>1590.00</ValorLiquidoNfse>
				<DescontoIncondicionado>0.00</DescontoIncondicionado>
				<DescontoCondicionado>0.00</DescontoCondicionado>
			</Valores>
			<ItemListaServico>403</ItemListaServico>
			
			<CodigoTributacaoMunicipio>403</CodigoTributacaoMunicipio>
			<Discriminacao>TRATAMENTO ESTÉTICO – CARGA TRIBUTÁRIA MÉDIA 
NACIONAL FEDERAL 13,45% = R$213,85
MUNICIPAL  2,05% = R$32,59
</Discriminacao>
			<CodigoMunicipio>4304606</CodigoMunicipio>
		</Servico>
		<ValorCredito>0.00</ValorCredito>
		<PrestadorServico>
			<IdentificacaoPrestador>
				<Cnpj>10720533000100</Cnpj>
				<InscricaoMunicipal>72061</InscricaoMunicipal>
			</IdentificacaoPrestador>
			<RazaoSocial>BHEM ODONTOLOGIA LTDA</RazaoSocial>
			<NomeFantasia>BHEM ODONTOLOGIA LTDA</NomeFantasia>
			<Endereco>
				<Endereco>RUA MATHIAS VELHO</Endereco>
				<Numero>266</Numero>
				<Complemento/>
				<Bairro>CENTRO</Bairro>
				<CodigoMunicipio>4304606</CodigoMunicipio>
				<Uf>RS</Uf>
				<Cep>92310300</Cep>
			</Endereco>
			<Contato>
				<Telefone>5130599088</Telefone>
				<Email>bhemodontologia@gmail.com</Email>
			</Contato>
		</PrestadorServico>
		<TomadorServico>
			<IdentificacaoTomador>
				<CpfCnpj>
					<Cpf>43266428072</Cpf>
					<Cnpj/>
				</CpfCnpj>
				<InscricaoMunicipal>0</InscricaoMunicipal>
			</IdentificacaoTomador>
			<RazaoSocial>REJANE VARGAS</RazaoSocial>
			<Endereco>
				<Endereco/>
				<Numero/>
				<Complemento/>
				<Bairro/>
				<CodigoMunicipio>4304606</CodigoMunicipio>
				<Uf>RS</Uf>
				<Cep>0</Cep>
			</Endereco>
			<Contato>
				<Telefone/>
				<Email/>
			</Contato>
		</TomadorServico>
		<OrgaoGerador>
			<CodigoMunicipio>4304606</CodigoMunicipio>
			<Uf>RS</Uf>
		</OrgaoGerador>
	</InfNfse>
	
</Nfse>
</CompNfse>

<CompNfse>
<Nfse>
	<InfNfse id="9022">
		<Numero>9022</Numero>
		<Serie/>
		<Tipo/>
		<CodigoVerificacao>C2FD.ECCB.C60A</CodigoVerificacao>
		<DataEmissao>2019-05-14T09:10:58</DataEmissao>
		<IdentificacaoRps>
			<Numero>0</Numero>
			<Serie/>
			<Tipo>0</Tipo>
		</IdentificacaoRps>
		<DataEmissaoRps>0000-00-00</DataEmissaoRps>
		<NaturezaOperacao>1</NaturezaOperacao>
		
		<OptanteSimplesNacional>1</OptanteSimplesNacional>
		<IncentivadorCultural>2</IncentivadorCultural>
		<Competencia>2019-05-14</Competencia>
		
		<OutrasInformacoes>TRATAMENTO ODONTOLÓGICO PACIENTE MARIA LUIZA – CARGA TRIBUTÁRIA MÉDIA 
NACIONAL FEDERAL 13,45% = R$13,71
MUNICIPAL  2,05% = R$2,09
</OutrasInformacoes>
		<Servico>
			<Valores>
				<ValorServicos>102.00</ValorServicos>
				<ValorDeducoes>0.00</ValorDeducoes>
				<ValorPis>0.00</ValorPis>
				<ValorCofins>0.00</ValorCofins>
				<ValorInss>0.00</ValorInss>
				<ValorIr>0.00</ValorIr>
				<ValorCsll>0.00</ValorCsll>
				<IssRetido>2</IssRetido>
				<ValorIss>0.00</ValorIss>
				<ValorIssRetido>0.00</ValorIssRetido>
				<OutrasRetencoes>0.00</OutrasRetencoes>
				<BaseCalculo>102.00</BaseCalculo>
				<Aliquota>0.0000</Aliquota>
				<ValorLiquidoNfse>102.00</ValorLiquidoNfse>
				<DescontoIncondicionado>0.00</DescontoIncondicionado>
				<DescontoCondicionado>0.00</DescontoCondicionado>
			</Valores>
			<ItemListaServico>403</ItemListaServico>
			
			<CodigoTributacaoMunicipio>403</CodigoTributacaoMunicipio>
			<Discriminacao>TRATAMENTO ODONTOLÓGICO PACIENTE MARIA LUIZA – CARGA TRIBUTÁRIA MÉDIA 
NACIONAL FEDERAL 13,45% = R$13,71
MUNICIPAL  2,05% = R$2,09
</Discriminacao>
			<CodigoMunicipio>4304606</CodigoMunicipio>
		</Servico>
		<ValorCredito>0.00</ValorCredito>
		<PrestadorServico>
			<IdentificacaoPrestador>
				<Cnpj>10720533000100</Cnpj>
				<InscricaoMunicipal>72061</InscricaoMunicipal>
			</IdentificacaoPrestador>
			<RazaoSocial>BHEM ODONTOLOGIA LTDA</RazaoSocial>
			<NomeFantasia>BHEM ODONTOLOGIA LTDA</NomeFantasia>
			<Endereco>
				<Endereco>RUA MATHIAS VELHO</Endereco>
				<Numero>266</Numero>
				<Complemento/>
				<Bairro>CENTRO</Bairro>
				<CodigoMunicipio>4304606</CodigoMunicipio>
				<Uf>RS</Uf>
				<Cep>92310300</Cep>
			</Endereco>
			<Contato>
				<Telefone>5130599088</Telefone>
				<Email>bhemodontologia@gmail.com</Email>
			</Contato>
		</PrestadorServico>
		<TomadorServico>
			<IdentificacaoTomador>
				<CpfCnpj>
					<Cpf>81637861087</Cpf>
					<Cnpj/>
				</CpfCnpj>
				<InscricaoMunicipal>0</InscricaoMunicipal>
			</IdentificacaoTomador>
			<RazaoSocial>MAJO ALINE KRAUSE NUNES</RazaoSocial>
			<Endereco>
				<Endereco/>
				<Numero/>
				<Complemento/>
				<Bairro/>
				<CodigoMunicipio>4304606</CodigoMunicipio>
				<Uf>RS</Uf>
				<Cep>0</Cep>
			</Endereco>
			<Contato>
				<Telefone/>
				<Email/>
			</Contato>
		</TomadorServico>
		<OrgaoGerador>
			<CodigoMunicipio>4304606</CodigoMunicipio>
			<Uf>RS</Uf>
		</OrgaoGerador>
	</InfNfse>
	
</Nfse>
</CompNfse>

<CompNfse>
<Nfse>
	<InfNfse id="9023">
		<Numero>9023</Numero>
		<Serie/>
		<Tipo/>
		<CodigoVerificacao>839D.B41D.F455</CodigoVerificacao>
		<DataEmissao>2019-05-14T10:32:06</DataEmissao>
		<IdentificacaoRps>
			<Numero>0</Numero>
			<Serie/>
			<Tipo>0</Tipo>
		</IdentificacaoRps>
		<DataEmissaoRps>0000-00-00</DataEmissaoRps>
		<NaturezaOperacao>1</NaturezaOperacao>
		
		<OptanteSimplesNacional>1</OptanteSimplesNacional>
		<IncentivadorCultural>2</IncentivadorCultural>
		<Competencia>2019-05-14</Competencia>
		
		<OutrasInformacoes>TRATAMENTO ODONTOLÓGICO – CARGA TRIBUTÁRIA MÉDIA 
NACIONAL FEDERAL 13,45% = R$68,86
MUNICIPAL  2,05% = R$10,49
</OutrasInformacoes>
		<Servico>
			<Valores>
				<ValorServicos>512.00</ValorServicos>
				<ValorDeducoes>0.00</ValorDeducoes>
				<ValorPis>0.00</ValorPis>
				<ValorCofins>0.00</ValorCofins>
				<ValorInss>0.00</ValorInss>
				<ValorIr>0.00</ValorIr>
				<ValorCsll>0.00</ValorCsll>
				<IssRetido>2</IssRetido>
				<ValorIss>0.00</ValorIss>
				<ValorIssRetido>0.00</ValorIssRetido>
				<OutrasRetencoes>0.00</OutrasRetencoes>
				<BaseCalculo>512.00</BaseCalculo>
				<Aliquota>0.0000</Aliquota>
				<ValorLiquidoNfse>512.00</ValorLiquidoNfse>
				<DescontoIncondicionado>0.00</DescontoIncondicionado>
				<DescontoCondicionado>0.00</DescontoCondicionado>
			</Valores>
			<ItemListaServico>403</ItemListaServico>
			
			<CodigoTributacaoMunicipio>403</CodigoTributacaoMunicipio>
			<Discriminacao>TRATAMENTO ODONTOLÓGICO – CARGA TRIBUTÁRIA MÉDIA 
NACIONAL FEDERAL 13,45% = R$68,86
MUNICIPAL  2,05% = R$10,49
</Discriminacao>
			<CodigoMunicipio>4304606</CodigoMunicipio>
		</Servico>
		<ValorCredito>0.00</ValorCredito>
		<PrestadorServico>
			<IdentificacaoPrestador>
				<Cnpj>10720533000100</Cnpj>
				<InscricaoMunicipal>72061</InscricaoMunicipal>
			</IdentificacaoPrestador>
			<RazaoSocial>BHEM ODONTOLOGIA LTDA</RazaoSocial>
			<NomeFantasia>BHEM ODONTOLOGIA LTDA</NomeFantasia>
			<Endereco>
				<Endereco>RUA MATHIAS VELHO</Endereco>
				<Numero>266</Numero>
				<Complemento/>
				<Bairro>CENTRO</Bairro>
				<CodigoMunicipio>4304606</CodigoMunicipio>
				<Uf>RS</Uf>
				<Cep>92310300</Cep>
			</Endereco>
			<Contato>
				<Telefone>5130599088</Telefone>
				<Email>bhemodontologia@gmail.com</Email>
			</Contato>
		</PrestadorServico>
		<TomadorServico>
			<IdentificacaoTomador>
				<CpfCnpj>
					<Cpf>40442152000</Cpf>
					<Cnpj/>
				</CpfCnpj>
				<InscricaoMunicipal>0</InscricaoMunicipal>
			</IdentificacaoTomador>
			<RazaoSocial>MARCOS EUGENIO REIS</RazaoSocial>
			<Endereco>
				<Endereco/>
				<Numero/>
				<Complemento/>
				<Bairro/>
				<CodigoMunicipio>4304606</CodigoMunicipio>
				<Uf>RS</Uf>
				<Cep>0</Cep>
			</Endereco>
			<Contato>
				<Telefone/>
				<Email/>
			</Contato>
		</TomadorServico>
		<OrgaoGerador>
			<CodigoMunicipio>4304606</CodigoMunicipio>
			<Uf>RS</Uf>
		</OrgaoGerador>
	</InfNfse>
	
</Nfse>
</CompNfse>

<CompNfse>
<Nfse>
	<InfNfse id="9024">
		<Numero>9024</Numero>
		<Serie/>
		<Tipo/>
		<CodigoVerificacao>E661.86EF.5029</CodigoVerificacao>
		<DataEmissao>2019-05-23T14:13:00</DataEmissao>
		<IdentificacaoRps>
			<Numero>0</Numero>
			<Serie/>
			<Tipo>0</Tipo>
		</IdentificacaoRps>
		<DataEmissaoRps>0000-00-00</DataEmissaoRps>
		<NaturezaOperacao>1</NaturezaOperacao>
		
		<OptanteSimplesNacional>1</OptanteSimplesNacional>
		<IncentivadorCultural>2</IncentivadorCultural>
		<Competencia>2019-05-23</Competencia>
		
		<OutrasInformacoes>TRATAMENTO ODONTOLÓGICO – CARGA TRIBUTÁRIA MÉDIA 
NACIONAL FEDERAL 13,45% = R$ 36,31
MUNICIPAL  2,05% = R$ 5,53
</OutrasInformacoes>
		<Servico>
			<Valores>
				<ValorServicos>270.00</ValorServicos>
				<ValorDeducoes>0.00</ValorDeducoes>
				<ValorPis>0.00</ValorPis>
				<ValorCofins>0.00</ValorCofins>
				<ValorInss>0.00</ValorInss>
				<ValorIr>0.00</ValorIr>
				<ValorCsll>0.00</ValorCsll>
				<IssRetido>2</IssRetido>
				<ValorIss>0.00</ValorIss>
				<ValorIssRetido>0.00</ValorIssRetido>
				<OutrasRetencoes>0.00</OutrasRetencoes>
				<BaseCalculo>270.00</BaseCalculo>
				<Aliquota>0.0000</Aliquota>
				<ValorLiquidoNfse>270.00</ValorLiquidoNfse>
				<DescontoIncondicionado>0.00</DescontoIncondicionado>
				<DescontoCondicionado>0.00</DescontoCondicionado>
			</Valores>
			<ItemListaServico>403</ItemListaServico>
			
			<CodigoTributacaoMunicipio>403</CodigoTributacaoMunicipio>
			<Discriminacao>TRATAMENTO ODONTOLÓGICO – CARGA TRIBUTÁRIA MÉDIA 
NACIONAL FEDERAL 13,45% = R$ 36,31
MUNICIPAL  2,05% = R$ 5,53
</Discriminacao>
			<CodigoMunicipio>4304606</CodigoMunicipio>
		</Servico>
		<ValorCredito>0.00</ValorCredito>
		<PrestadorServico>
			<IdentificacaoPrestador>
				<Cnpj>10720533000100</Cnpj>
				<InscricaoMunicipal>72061</InscricaoMunicipal>
			</IdentificacaoPrestador>
			<RazaoSocial>BHEM ODONTOLOGIA LTDA</RazaoSocial>
			<NomeFantasia>BHEM ODONTOLOGIA LTDA</NomeFantasia>
			<Endereco>
				<Endereco>RUA MATHIAS VELHO</Endereco>
				<Numero>266</Numero>
				<Complemento/>
				<Bairro>CENTRO</Bairro>
				<CodigoMunicipio>4304606</CodigoMunicipio>
				<Uf>RS</Uf>
				<Cep>92310300</Cep>
			</Endereco>
			<Contato>
				<Telefone>5130599088</Telefone>
				<Email>bhemodontologia@gmail.com</Email>
			</Contato>
		</PrestadorServico>
		<TomadorServico>
			<IdentificacaoTomador>
				<CpfCnpj>
					<Cpf>00630510016</Cpf>
					<Cnpj/>
				</CpfCnpj>
				<InscricaoMunicipal>0</InscricaoMunicipal>
			</IdentificacaoTomador>
			<RazaoSocial>LILIANA GONZALEZ</RazaoSocial>
			<Endereco>
				<Endereco/>
				<Numero/>
				<Complemento/>
				<Bairro/>
				<CodigoMunicipio>4304606</CodigoMunicipio>
				<Uf>RS</Uf>
				<Cep>0</Cep>
			</Endereco>
			<Contato>
				<Telefone/>
				<Email/>
			</Contato>
		</TomadorServico>
		<OrgaoGerador>
			<CodigoMunicipio>4304606</CodigoMunicipio>
			<Uf>RS</Uf>
		</OrgaoGerador>
	</InfNfse>
	
</Nfse>
</CompNfse>
  </ListaNfse>
</ConsultarNfseLote>
