<?xml version="1.0" encoding="ISO-8859-1"?>
<nfse>
  <nf>
    <numero_nfse>36</numero_nfse>
    <serie_nfse>1</serie_nfse>
    <data_nfse>08/03/2019</data_nfse>
    <hora_nfse>16:35:42</hora_nfse>
    <valor_total>1200,00</valor_total>
    <valor_desconto>0,00</valor_desconto>
    <valor_ir>0,00</valor_ir>
    <valor_inss>0,00</valor_inss>
    <valor_contribuicao_social>0,00</valor_contribuicao_social>
    <valor_rps></valor_rps>
    <valor_pis>0,00</valor_pis>
    <valor_cofins>0,00</valor_cofins>
    <observacao></observacao>
  </nf>
  <prestador>
    <cpfcnpj>20156256000108</cpfcnpj>
    <cidade>8541</cidade>
  </prestador>
  <tomador>
    <tipo>F</tipo>
    <cpfcnpj>1553064054</cpfcnpj>
    <ie>9101585942</ie>
    <nome_razao_social>ANA PAULA BOLDRINI DE OLIVEIRA</nome_razao_social>
    <sobrenome_nome_fantasia>ANA PAULA BOLDRINI DE OLIVEIRA</sobrenome_nome_fantasia>
    <logradouro>Rua FREDERICO ANTONIO GRANDO, 41</logradouro>
    <email></email>
    <complemento></complemento>
    <ponto_referencia></ponto_referencia>
    <bairro>PLANALTO</bairro>
    <cidade>BENTO GONCALVES</cidade>
    <cep>95703275</cep>
    <ddd_fone_comercial></ddd_fone_comercial>
    <fone_comercial></fone_comercial>
    <ddd_fone_residencial></ddd_fone_residencial>
    <fone_residencial>4355242</fone_residencial>
    <ddd_fax></ddd_fax>
    <fone_fax></fone_fax>
  </tomador>
  <itens>
    <lista>
      <codigo_local_prestacao_servico>8541</codigo_local_prestacao_servico>
      <codigo_item_lista_servico>412</codigo_item_lista_servico>
      <descritivo>Pagamento de parcela do tratamento Odontol�gico da paciente S�nia Maria Boldrini.</descritivo>
      <aliquota_item_lista_servico>2,77</aliquota_item_lista_servico>
      <situacao_tributaria>0</situacao_tributaria>
      <valor_tributavel>1200,00</valor_tributavel>
      <valor_deducao>0,00</valor_deducao>
      <valor_issrf>0,00</valor_issrf>
      <tributa_municipio_prestador>S</tributa_municipio_prestador>
      <unidade_codigo>0</unidade_codigo>
      <unidade_quantidade>0,00</unidade_quantidade>
      <unidade_valor_unitario>0,00</unidade_valor_unitario>
    </lista>
  </itens>
</nfse>
