<?xml version="1.0" encoding="ISO-8859-1"?>
<nfse>
  <nf>
    <numero_nfse>2295</numero_nfse>
    <serie_nfse>1</serie_nfse>
    <data_nfse>30/04/2019</data_nfse>
    <hora_nfse>14:48:39</hora_nfse>
    <valor_total>326,48</valor_total>
    <valor_desconto>0,00</valor_desconto>
    <valor_ir>0,00</valor_ir>
    <valor_inss>0,00</valor_inss>
    <valor_contribuicao_social>0,00</valor_contribuicao_social>
    <valor_rps>0,00</valor_rps>
    <valor_pis>0,00</valor_pis>
    <valor_cofins>0,00</valor_cofins>
    <observacao></observacao>
  </nf>
  <prestador>
    <cpfcnpj>27403315000136</cpfcnpj>
    <cidade>8003</cidade>
  </prestador>
  <tomador>
    <tipo>F</tipo>
    <cpfcnpj>9129939950</cpfcnpj>
    <ie></ie>
    <nome_razao_social>Jaine Kussner</nome_razao_social>
    <sobrenome_nome_fantasia>Jaine</sobrenome_nome_fantasia>
    <logradouro>Rua Alto Sao Joao, 128</logradouro>
    <email>ass.academica@famesul.com.br</email>
    <complemento></complemento>
    <ponto_referencia></ponto_referencia>
    <bairro>Sao Joao</bairro>
    <cidade>AGROLANDIA</cidade>
    <cep>88420000</cep>
    <ddd_fone_comercial>47</ddd_fone_comercial>
    <fone_comercial>47</fone_comercial>
    <ddd_fone_residencial>47</ddd_fone_residencial>
    <fone_residencial>35344835</fone_residencial>
    <ddd_fax></ddd_fax>
    <fone_fax></fone_fax>
  </tomador>
  <itens>
    <lista>
      <codigo_local_prestacao_servico>8003</codigo_local_prestacao_servico>
      <codigo_item_lista_servico>412</codigo_item_lista_servico>
      <descritivo>SERVI�O PRESTADO</descritivo>
      <aliquota_item_lista_servico>3,30</aliquota_item_lista_servico>
      <situacao_tributaria>0</situacao_tributaria>
      <valor_tributavel>326,48</valor_tributavel>
      <valor_deducao>0,00</valor_deducao>
      <valor_issrf>0,00</valor_issrf>
      <tributa_municipio_prestador>S</tributa_municipio_prestador>
      <unidade_codigo></unidade_codigo>
      <unidade_quantidade></unidade_quantidade>
      <unidade_valor_unitario></unidade_valor_unitario>
    </lista>
  </itens>
</nfse>
