<?xml version="1.0" encoding="UTF-8"?><nfeProc versao="4.00" xmlns="http://www.portalfiscal.inf.br/nfe"><NFe xmlns="http://www.portalfiscal.inf.br/nfe"><infNFe versao="4.00" Id="NFe53190211908269000197550010000081051000081050"><ide><cUF>53</cUF><cNF>00008105</cNF><natOp>PRESTAcaO DE SERVIcO TRIBUTADO PELO ISSQ</natOp><mod>55</mod><serie>1</serie><nNF>8105</nNF><dhEmi>2019-02-26T14:23:09-03:00</dhEmi><dhSaiEnt>2019-02-26T14:23:09-03:00</dhSaiEnt><tpNF>1</tpNF><idDest>1</idDest><cMunFG>5300108</cMunFG><tpImp>1</tpImp><tpEmis>1</tpEmis><cDV>0</cDV><tpAmb>1</tpAmb><finNFe>1</finNFe><indFinal>1</indFinal><indPres>0</indPres><procEmi>0</procEmi><verProc>2.4</verProc></ide><emit><CNPJ>11908269000197</CNPJ><xNome>ORTHO LIFE CLINICA ODONTOLOGICA LTDA</xNome><enderEmit><xLgr>Q CSB 02 LOTES 01 A 04 SALAS 417 A</xLgr><nro>420</nro><xCpl>TORRE B ALAMEDA SHOPPING</xCpl><xBairro>TAGUATINGA</xBairro><cMun>5300108</cMun><xMun>BRASILIA</xMun><UF>DF</UF><CEP>72015901</CEP><cPais>1058</cPais><xPais>BRASIL</xPais><fone>6133512166</fone></enderEmit><IE>0753918900102</IE><IM>0753918900102</IM><CNAE>4751200</CNAE><CRT>1</CRT></emit><dest><CPF>59929685120</CPF><xNome>MICCIELI OLIVEIRA DE AGUIAR</xNome><enderDest><xLgr>QI 12 BLOCO A. APT</xLgr><nro>303</nro><xBairro>GUARA I</xBairro><cMun>5300108</cMun><xMun>BRASILIA</xMun><UF>DF</UF><CEP>71010019</CEP><cPais>1058</cPais><xPais>BRASIL</xPais></enderDest><indIEDest>9</indIEDest></dest><det nItem="1"><prod><cProd>5</cProd><cEAN>SEM GTIN</cEAN><xProd>TRATAMENTO ORTODONTICO</xProd><NCM>00000000</NCM><CEST>0000000</CEST><CFOP>5102</CFOP><uCom>UN</uCom><qCom>1.0000</qCom><vUnCom>20.0000000000</vUnCom><vProd>20.00</vProd><cEANTrib>SEM GTIN</cEANTrib><uTrib>UN</uTrib><qTrib>1.0000</qTrib><vUnTrib>20.0000000000</vUnTrib><indTot>1</indTot><xPed>9310</xPed><nItemPed>1</nItemPed></prod><imposto><ISSQN><vBC>20.00</vBC><vAliq>0.0000</vAliq><vISSQN>0.00</vISSQN><cMunFG>5300108</cMunFG><cListServ>14.02</cListServ><indISS>2</indISS><indIncentivo>2</indIncentivo></ISSQN><PIS><PISNT><CST>08</CST></PISNT></PIS><COFINS><COFINSNT><CST>08</CST></COFINSNT></COFINS></imposto></det><total><ICMSTot><vBC>0.00</vBC><vICMS>0.00</vICMS><vICMSDeson>0.00</vICMSDeson><vFCP>0.00</vFCP><vBCST>0.00</vBCST><vST>0.00</vST><vFCPST>0.00</vFCPST><vFCPSTRet>0.00</vFCPSTRet><vProd>0.00</vProd><vFrete>0.00</vFrete><vSeg>0.00</vSeg><vDesc>0.00</vDesc><vII>0.00</vII><vIPI>0.00</vIPI><vIPIDevol>0.00</vIPIDevol><vPIS>0.00</vPIS><vCOFINS>0.00</vCOFINS><vOutro>0.00</vOutro><vNF>20.00</vNF></ICMSTot><ISSQNtot><vServ>20.00</vServ><vBC>20.00</vBC><dCompet>2019-02-26</dCompet><cRegTrib>1</cRegTrib></ISSQNtot></total><transp><modFrete>0</modFrete><vol><qVol>0</qVol><pesoL>1.000</pesoL><pesoB>1.000</pesoB></vol></transp><pag><detPag><tPag>99</tPag><vPag>20.00</vPag></detPag></pag><infAdic><infCpl>DEUS E O NOSSO REFUGIO E FORTALEZA ;I) DOCUMENTO EMITIDO POR ME OU EPP OPTANTE PELO SIMPLES NACIONAL II) NAO GERA DIREITO A CREDITO FISCAL DE ICMS, ISS E DE IPI</infCpl></infAdic></infNFe></NFe><protNFe versao="4.00"><infProt Id="ID353190008399643"><tpAmb>1</tpAmb><verAplic>SVRS201812100936</verAplic><chNFe>53190211908269000197550010000081051000081050</chNFe><dhRecbto>2019-02-26T14:20:21-03:00</dhRecbto><nProt>353190008399643</nProt><digVal>c9EOk9tcliZa6kAXnmNIz0gJ6+Q=</digVal><cStat>100</cStat><xMotivo>Autorizado o uso da NF-e</xMotivo></infProt></protNFe></nfeProc>
